,order_id,product_id,add_to_cart_order,reordered
2432310,256572,5970,1,1
22170700,2338504,3594,3,1
17940384,1892308,17804,20,0
9089660,959592,27454,16,0
28897322,3047657,15416,56,0
18026058,1901404,14992,1,1
13075089,1380107,10895,5,0
12315172,1299906,42265,9,1
24981791,2634778,10121,4,1
17150624,1809188,43961,4,0
8546322,902199,47209,16,0
1333430,140610,13814,11,0
15057217,1588764,32573,5,1
18328404,1933299,33222,3,1
31610476,3334090,6187,7,1
21143891,2230166,37646,12,1
6619813,698742,22935,10,0
14174915,1495872,13712,6,0
29684867,3130787,1618,3,1
13067863,1379349,37840,2,1
30179460,3183402,47145,8,0
11906330,1256969,21227,13,0
21616800,2280227,5031,2,1
13319618,1405686,11461,12,1
31411406,3313109,26047,18,0
21744852,2293602,3599,3,0
27855253,2937423,49381,8,0
18144299,1913875,35336,1,0
24632991,2597883,42660,11,0
23930755,2523857,17795,5,0
17731727,1870073,26128,3,1
30309998,3197229,32478,27,0
3547968,374869,8021,14,1
7597539,802018,19348,4,1
29192997,3078803,38159,43,1
21612478,2279790,47280,4,1
16978237,1790893,38647,1,0
6066468,640402,40417,12,0
8893190,938847,32253,14,1
16199627,1709235,15995,17,1
9305251,982144,9130,6,1
28294216,2983858,35547,8,1
19295655,2035144,12362,4,1
3935942,415314,20112,21,0
30616188,3229261,17652,2,1
8211051,866740,4006,8,0
17430288,1838592,19202,3,0
16623327,1753503,19057,8,1
12042726,1271209,45167,15,1
800158,84667,46979,14,1
23472233,2475499,29987,7,1
6851767,723253,32141,10,1
13095280,1382211,33000,2,0
11952553,1261725,22035,14,1
13366252,1410676,20995,6,1
10089624,1065343,32843,6,0
28979305,3056303,11759,2,1
17532930,1849317,49235,16,1
17570302,1853213,204,14,0
265313,27936,26177,20,0
22594729,2383178,24561,2,0
31875162,3361974,45633,2,0
19777698,2085995,33120,4,0
30055684,3170300,10017,20,0
24041735,2535528,22969,14,1
6881893,726472,25919,16,0
23917577,2522460,13245,11,0
27546689,2904836,5973,16,0
14070443,1484971,29223,5,0
22447955,2367822,31506,4,0
2666902,281288,2551,2,1
31848792,3359178,19734,1,0
11968774,1263405,5013,18,0
6732706,710652,16415,4,0
13705418,1446597,18352,4,1
11444020,1208178,47209,5,1
26994166,2846349,21903,17,1
4702801,496295,1907,2,1
18334263,1933912,20152,2,0
24990210,2635668,25415,5,1
25388426,2677680,27548,4,0
10492808,1107742,9574,1,0
6390408,674468,35798,17,0
31690314,3342456,6274,10,1
24134484,2545392,4461,7,0
29099579,3068949,30011,14,0
6424852,678041,23594,2,1
4813516,508021,28849,23,0
17567147,1852872,33950,3,1
28907577,3048703,21376,10,1
1936418,204207,4564,2,0
4854689,512434,42507,2,1
31272917,3298422,41862,7,1
16186159,1707826,6104,4,1
14130598,1491263,20463,2,1
2981669,314778,38383,2,1
5686668,600338,45128,2,1
20656702,2179115,9076,33,1
28109316,2964273,47766,3,1
8449084,891862,31506,16,0
16658240,1757097,23375,32,1
24111886,2542974,18288,9,1
18634623,1965699,6046,10,1
29946046,3158649,21903,11,1
13520030,1427001,31927,12,0
20593486,2172391,40545,19,1
14427395,1522374,10603,9,1
7210339,761335,27741,11,0
7879351,831723,38077,3,1
6397514,675193,46802,7,0
12109385,1278181,44595,2,1
23325902,2460201,29941,15,0
2140468,225697,35702,10,0
24377115,2570901,39180,7,1
19681947,2075825,16249,9,0
9587387,1011998,19660,7,0
24714716,2606503,27475,17,1
12670460,1337278,34358,12,1
27611251,2911783,17200,40,0
11088511,1170544,40542,16,0
19094420,2013879,38777,17,0
14952863,1577745,25753,21,0
28927354,3050803,48527,3,1
26304744,2774080,12385,10,0
20001043,2109549,36865,2,1
27133205,2861034,15906,7,1
8668417,915099,3098,1,0
10203718,1077304,12191,6,1
29130133,3072217,43154,9,0
4221918,445491,1025,3,1
30951779,3264873,10371,12,0
12211780,1288954,45788,6,1
30111304,3176161,5976,4,1
18599626,1962057,39427,8,0
30254988,3191481,5077,5,0
18672873,1969713,45554,3,1
20074117,2117202,49383,4,1
15896201,1677192,12993,19,1
11377585,1201134,24834,20,1
13883940,1465301,18523,1,0
2030307,214061,46696,14,1
28639772,3020404,41271,1,1
28051508,2958055,22025,6,0
29158482,3075237,8518,15,1
13077561,1380378,13843,7,1
27255321,2874028,9387,2,1
31700160,3343464,43735,2,1
19522162,2059038,26209,17,0
23715382,2501237,28597,23,1
21280838,2244711,13740,8,1
19954288,2104590,23909,1,1
15621603,1648210,12240,1,1
12213863,1289175,45176,2,0
24402913,2573649,30720,14,1
15212021,1605195,24852,2,1
638278,67504,31717,9,0
19637512,2071074,17122,4,0
9387673,990957,46226,7,1
9130964,963969,1181,1,0
24518871,2585892,2825,8,1
10079964,1064333,43086,11,0
21675357,2286337,17191,7,1
5547786,585609,24948,22,1
14204912,1499053,8859,6,1
21829249,2302466,27701,6,1
7809892,824429,45149,5,1
15496375,1635121,31717,8,0
7890213,832904,43504,25,1
11490825,1213048,4472,3,1
29306378,3090780,33401,9,1
6367617,672070,26914,23,0
3060409,323067,41844,16,1
5612694,592433,12681,4,1
2069232,218209,44819,6,1
1100119,116093,32078,11,1
29234559,3083183,14084,4,1
17155905,1809757,20178,6,0
22614306,2385224,16083,3,1
16703209,1761813,7175,24,1
6690657,706192,47766,5,0
22989723,2424691,343,2,1
26669010,2812255,1039,8,1
711160,75197,47978,15,0
29253444,3085207,43205,7,1
10404922,1098520,49095,16,0
4987049,526353,22035,4,0
27053671,2852571,43122,4,1
21488975,2266617,21267,15,0
6014921,634897,24852,10,1
9313959,983034,10108,7,1
24589289,2593403,8912,3,1
6092430,643116,21201,6,0
13510422,1425952,19895,15,0
27944653,2946763,4920,4,1
7423613,783654,5268,26,0
7237191,764099,37455,14,1
25007290,2637497,40568,4,1
8586558,906465,41480,14,1
8648042,912932,27204,4,1
16000000,1688102,40330,3,0
19210017,2026080,6510,6,1
27064172,2853686,40424,4,1
29226947,3082402,44172,1,1
10718375,1131473,14084,13,1
2082379,219579,36929,25,0
983684,103969,49683,43,0
27224604,2870733,21694,21,1
32373295,3414671,24852,3,1
8856472,934985,21137,1,0
26728871,2818586,46031,1,1
10600933,1119131,5785,5,1
19298211,2035432,33630,1,0
24994565,2636137,13984,10,0
25901322,2731480,48795,1,1
11173479,1179719,7877,6,1
14256479,1504492,36914,16,1
17750443,1872058,8963,60,0
7004011,739487,14028,12,0
9386487,990828,36111,6,0
29969979,3161157,432,2,1
30243758,3190293,11712,12,1
24403514,2573722,16797,3,1
6787912,716485,13176,1,1
32092286,3385072,3648,1,1
27794591,2931064,17949,13,1
4162934,439249,20468,8,1
22349660,2357429,40723,10,1
27902851,2942384,13955,2,1
24098342,2541538,35887,23,0
4182592,441270,48933,9,0
10970816,1158213,34969,3,1
15301037,1614580,33120,3,1
14834555,1565228,30435,22,1
16663148,1757602,21497,2,0
19921939,2101193,43961,1,1
6050966,638781,10749,3,1
5747881,606781,15516,2,0
21284933,2245147,27086,10,1
1835127,193551,21873,3,1
19340327,2039827,3107,5,0
17338813,1828930,11790,6,0
28379175,2992876,35233,6,1
13010966,1373378,10781,3,0
11072338,1168868,7175,19,1
28220148,2975964,5322,3,0
25822367,2723207,7781,20,0
6311126,666151,47766,3,1
27767266,2928177,21137,12,1
21798938,2299315,33647,1,1
17898912,1887906,26798,10,1
25365757,2675245,12614,12,0
10928900,1153784,12341,4,1
20388036,2150496,40396,11,0
26855615,2831848,9772,2,0
23118670,2438270,49198,1,1
21023535,2217608,31915,2,1
7606879,803010,44449,8,0
19665611,2074075,6291,3,1
7710726,813868,17948,3,1
17203853,1814857,41220,13,1
14688279,1549882,22825,7,0
12498571,1319165,44514,2,0
13265990,1399999,45084,23,0
18853504,1988546,6287,3,1
22310922,2353322,7781,2,1
10601753,1119214,24184,6,1
28362457,2991071,38739,7,1
24614381,2595953,8021,8,0
12030285,1269912,9623,1,0
29975681,3161742,8021,13,0
15526704,1638265,5449,10,1
13609195,1436430,42796,7,0
15295337,1613995,3849,11,1
23231961,2450294,12792,3,0
23771276,2507056,38689,12,1
30932312,3262803,2838,6,0
32194447,3395776,43352,1,1
9740113,1028278,5646,13,1
22689385,2393163,3376,8,1
27364169,2885482,8625,3,0
18886998,1992049,21292,5,1
1926884,203167,34243,2,1
13080280,1380646,30219,25,0
4337206,457811,24058,11,1
15146565,1598135,38883,5,1
29240533,3083863,2825,8,1
10593285,1118332,43889,1,0
21778632,2297160,5918,3,1
18571053,1958997,13398,19,1
1426708,150428,19660,2,0
16444311,1734687,13733,4,1
20337623,2145115,27555,5,1
14039695,1481716,12343,20,1
1372548,144745,7963,2,0
7563639,798444,14018,10,0
24226957,2555038,35750,37,1
16817570,1773976,26604,15,0
17149866,1809109,7285,2,0
9990181,1054792,17758,13,0
9066019,957125,47485,12,0
22962972,2421923,24852,3,1
25568311,2696530,735,3,1
22065373,2327368,33318,6,0
26052221,2747381,17429,3,1
6135538,647645,41447,2,1
14300676,1509099,24160,12,1
25673920,2707671,27104,7,1
30476037,3214638,23233,5,1
10783453,1138368,24973,4,1
5195244,548298,14386,5,0
16255412,1715078,31717,16,0
9236608,974876,5258,1,1
18858278,1989039,14084,16,1
6517187,687869,3020,10,1
7660933,808707,32246,7,0
21885099,2308388,12341,3,1
29543959,3115808,30035,11,0
18884346,1991781,27715,2,1
13031604,1375479,24799,6,0
27836399,2935423,46616,5,0
23128055,2439230,17224,2,0
8102452,855302,42585,15,0
20604993,2173663,23236,8,1
4422040,466731,46804,10,0
26671921,2812556,26209,5,1
3636166,384092,45681,13,0
30653933,3233277,40877,7,0
24776701,2613076,45195,14,0
25007235,2637493,19732,22,0
9184844,969503,15028,5,0
14488340,1528762,2314,2,1
7919878,836054,4451,8,0
18570420,1958932,25504,17,0
145508,15309,49169,14,0
20104951,2120527,12956,6,1
5957410,628749,38374,1,1
19200479,2025073,28999,8,1
7565215,798597,21376,4,0
8025255,847158,11961,1,1
14485181,1528430,35887,14,0
22953083,2420917,30489,50,1
14240621,1502794,3952,19,1
25004566,2637218,28427,2,1
12385622,1307317,48657,1,0
14132281,1491432,7768,3,0
23744794,2504290,20082,1,1
18334596,1933945,44817,9,0
9054043,955868,35951,10,1
31125570,3283039,20063,5,1
29567638,3118293,14875,4,0
20094144,2119390,29864,12,0
2136589,225278,31553,18,1
26834386,2829613,49325,1,0
7067038,746094,8956,8,1
981247,103715,15217,9,1
22648687,2388887,6848,1,0
5320095,561541,24852,6,0
15021042,1584982,42736,4,1
24328413,2565766,25718,8,0
29830871,3146334,47209,14,1
17621344,1858585,18441,17,1
14947330,1577149,27796,5,1
20161205,2126489,42768,18,1
5521304,582785,35951,4,1
27336209,2882530,28985,8,1
32415787,3419154,21137,7,1
25896616,2730995,2078,11,0
6623638,699127,32782,6,1
12184967,1286116,38928,3,1
17542009,1850233,46229,3,1
14991811,1581891,16149,10,1
1080961,114083,23405,6,0
1672866,176343,45066,21,0
26472062,2791513,7644,3,0
12641158,1334198,46906,3,1
5148018,543446,47209,2,1
11321267,1195189,21903,6,1
21688111,2287646,959,2,0
31085700,3278906,10498,1,1
6246623,659335,3566,7,0
2063572,217616,33957,3,0
28088959,2962075,23734,19,1
16618302,1752957,22395,23,0
16664938,1757803,33716,4,0
285961,30111,33399,4,0
1468385,154808,40706,10,1
24369855,2570120,43735,2,0
24430877,2576663,37754,7,1
6634448,700258,37022,12,1
19393910,2045450,278,10,0
30193752,3184938,20345,6,1
24468495,2580616,4920,3,1
30246196,3190547,33043,22,0
3776324,398859,43545,11,1
28876760,3045514,12572,10,0
855336,90617,47209,15,1
32167980,3393048,21938,16,0
27116841,2859314,10749,12,1
5919018,624719,28278,11,0
16004449,1688534,7390,8,0
5126351,541136,27966,10,1
6950093,733837,26738,3,1
1136089,119884,37508,3,1
20764544,2190398,42445,2,1
339225,35813,30391,5,1
28613363,3017594,31562,10,0
13580590,1433454,21903,4,1
20181457,2128700,294,8,0
14214087,1500001,39495,5,1
8854163,934721,16262,7,0
12911982,1362924,2452,21,0
15203966,1604356,21405,7,1
5529322,583652,38383,11,0
1671489,176208,23233,5,0
31037623,3273870,46962,2,0
29969188,3161082,16066,4,1
17425367,1838076,24024,5,1
29183257,3077796,21903,15,1
4050775,427416,31040,13,0
13032118,1375527,30561,13,0
30884190,3257765,8057,5,1
8668639,915122,23634,6,1
26116307,2754191,36029,3,0
28878026,3045655,27966,2,1
4469519,471793,27959,14,0
17817518,1879207,6928,40,0
1418422,149541,23602,16,0
1770255,186669,49191,4,0
31510760,3323455,34126,5,0
446909,47296,2785,25,0
6534602,689734,43957,21,1
6097632,643645,13263,6,1
18348025,1935371,13176,6,1
3199707,337896,48142,5,1
24965866,2633096,35652,1,0
16508317,1741497,117,4,1
6613786,698118,31506,18,1
7345459,775396,3765,6,0
22239638,2345782,48865,8,1
19675767,2075188,30967,25,0
11757302,1241289,5991,4,0
30892398,3258657,35193,16,1
29411262,3101853,38770,5,0
12876538,1359221,32734,35,0
7098970,749498,35347,20,1
17846609,1882352,16072,2,1
13513786,1426319,21903,2,1
10231654,1080246,39877,5,1
25668354,2707111,43633,8,0
9725133,1026726,16083,7,0
525127,55522,25138,1,1
28838296,3041413,6348,20,0
27014095,2848455,31392,3,1
10658151,1125218,47492,1,0
5947132,627663,22967,6,0
27159097,2863736,39275,3,0
8398864,886588,46650,17,1
515106,54448,26604,4,0
31939087,3368811,26282,10,1
16957390,1788659,8368,1,1
20961418,2211104,5785,7,1
2998075,316515,30489,4,1
2802295,295762,42873,7,1
8861334,935492,34565,16,1
30937396,3263368,39834,8,1
13339741,1407807,11615,2,0
26296815,2773203,9477,5,1
11210217,1183526,27845,10,1
31203299,3291165,1360,5,0
15274458,1611728,21616,12,0
14285072,1507462,43122,15,0
31354908,3307081,28204,2,1
25555927,2695234,12357,4,0
5978186,630949,20144,1,0
26499466,2794409,27801,2,1
7734624,816386,40377,3,0
17003367,1793532,23031,11,0
25996416,2741463,24852,8,1
11918506,1258192,26351,1,1
8641752,912306,21461,20,0
8518675,899286,39021,1,0
12069863,1274092,22035,5,1
13846171,1461359,26209,3,1
4362282,460403,45007,33,0
28149003,2968383,28476,15,0
25932933,2734790,4781,4,0
23302466,2457752,45007,10,0
5424535,572507,4920,2,1
17491390,1844981,8193,4,0
9789546,1033677,45007,9,0
3899451,411531,4097,1,1
27187580,2866751,25305,2,1
3505525,370363,32465,12,1
5413293,571318,19906,11,1
19204835,2025519,41692,28,0
11918579,1258199,41290,1,0
22287448,2350832,45104,8,1
26791880,2825258,7166,22,1
12935930,1365451,44998,14,0
24759962,2611268,37939,13,0
5394528,569317,13176,6,1
1090849,115125,3265,5,1
4946337,522033,14947,6,0
15790627,1666110,13575,3,1
1004121,106050,14947,1,1
24362842,2569393,40730,5,0
4082156,430766,26223,12,1
995675,105183,45954,20,1
14325889,1511704,12341,13,1
14378177,1517210,33198,2,1
29038243,3062572,35078,9,0
24304266,2563250,34163,5,0
17716387,1868455,49075,11,0
7560665,798167,30863,5,1
19596374,2066809,46886,25,1
14882199,1570254,47820,5,0
21246488,2241047,47021,12,0
26158814,2758666,29447,7,0
32147575,3390925,37022,3,0
7818510,825342,47280,20,0
16244620,1713966,5876,23,1
1028951,108644,44628,18,1
15235443,1607633,34428,5,1
29587612,3120471,41588,5,0
22253036,2347186,19821,7,1
26520441,2796564,24390,10,1
29775283,3140420,27966,2,0
138292,14588,27104,4,0
2257165,238080,1875,2,1
23113317,2437725,2063,6,0
25359105,2674536,16518,3,1
15910132,1678710,46126,9,1
15970655,1685015,40723,2,1
22466409,2369735,18048,3,0
7636098,806113,9020,2,0
31657024,3338871,14379,2,0
7359891,776944,3962,1,0
26808109,2826966,33845,6,1
19792460,2087474,25948,18,1
22014946,2322022,12324,5,1
31448229,3316914,40232,21,1
6519404,688117,21412,12,1
7290185,769657,23005,2,0
4295657,453360,21137,4,1
17976429,1896109,19019,20,1
7063658,745733,10060,18,0
23049073,2430909,23634,6,1
17550947,1851147,39928,6,1
28626241,3018953,6216,11,0
19778820,2086107,26209,6,0
8650475,913188,14827,12,0
17822688,1879761,45007,8,1
7557228,797783,46842,1,1
15302804,1614759,12276,20,0
13975857,1474911,24852,3,1
18499650,1951405,42701,22,0
2071489,218443,38275,4,1
15235943,1607676,34358,21,1
7774053,820574,27966,11,1
6974375,736406,47209,4,1
5365452,566274,26209,5,1
23770052,2506937,5450,1,0
4787861,505329,7508,10,0
11161957,1178426,21573,5,1
13743405,1450626,30280,3,0
27680815,2919148,2228,13,0
13701540,1446184,22825,2,0
4266898,450264,34824,2,0
20298990,2141051,890,9,1
2814657,297091,21376,4,0
6525498,688736,22583,23,0
15929012,1680634,46511,1,0
18164943,1916058,26040,3,1
5181195,546845,40396,1,1
31820615,3356187,24954,10,1
853929,90468,3957,3,1
12819359,1353062,43394,4,1
381824,40349,7877,7,0
17860938,1883901,36696,4,0
6642016,701091,26177,6,1
30199971,3185600,33000,14,0
31693032,3342748,26324,1,1
13223022,1395580,44359,18,0
20569837,2169843,33572,3,1
4660400,491826,14901,6,0
1174218,123890,21709,2,0
22431248,2366033,33731,8,0
28343631,2989115,45123,8,1
9922204,1047688,19660,4,1
23854811,2515757,39557,10,1
5164671,545121,7781,8,0
19338660,2039647,24507,17,0
29218765,3081549,20738,16,1
10745156,1134290,28199,16,1
7524553,794300,17418,13,0
898981,95025,13176,7,1
24230743,2555428,2086,9,1
24537197,2587809,19706,9,1
120290,12721,22210,5,0
25100891,2647423,31573,8,1
5863979,618967,42736,15,1
10370533,1094854,43789,3,0
27781876,2929739,47766,3,1
4184127,441432,24852,19,0
6524725,688667,17616,2,0
24980345,2634636,2078,3,0
19061368,2010369,43814,8,0
27200571,2868131,40821,19,0
15154300,1599006,40545,6,1
4462730,471053,34234,1,1
3701120,390891,21137,20,1
30850696,3254212,18370,10,1
29167232,3076145,2295,4,1
16764023,1768240,6724,1,0
14597604,1540300,34126,6,0
15447121,1629953,3672,10,1
584807,61835,13767,19,0
18871265,1990401,47755,15,1
11304544,1193410,21137,3,1
26942101,2840886,44359,3,0
9707648,1024868,47626,2,1
6655866,702491,26604,1,0
5731724,605016,49235,2,0
24657284,2600458,24838,4,1
17600398,1856381,47209,20,1
10994870,1160708,20636,2,1
25408536,2679774,16083,6,1
23662879,2495675,29564,2,0
20123544,2122523,24838,4,0
25302956,2668600,14650,3,1
10543023,1113034,34358,5,1
6619713,698730,22935,36,1
30375396,3204213,12606,1,1
20681367,2181750,30765,2,0
4385406,462899,41665,5,1
29866955,3150166,19508,9,0
8608415,908794,18234,7,0
4325465,456595,34608,7,1
11199860,1182407,22474,20,1
32117167,3387711,42828,3,1
24247635,2557184,5764,10,0
16810883,1773258,32177,8,1
12246462,1292599,38444,1,1
15139923,1597428,28155,9,0
1621104,170859,10646,6,0
8418722,888657,44632,17,0
5743854,606323,33846,5,0
29097351,3068732,1141,15,0
31238911,3294908,36397,2,1
22149065,2336147,39276,3,0
12180677,1285661,34533,7,0
1328521,140120,47672,4,1
11408980,1204461,27086,3,0
11783134,1244030,10603,2,0
14100215,1488106,16354,28,0
30041688,3168822,17122,2,1
1867077,196903,23074,2,1
18748150,1977437,16034,2,0
4906929,517843,2708,23,1
4369819,461208,29871,14,0
4779267,504445,22556,4,1
11493300,1213319,38978,1,1
27845203,2936372,30391,6,0
10620027,1121143,1,6,0
3526879,372610,37250,1,1
26283117,2771789,39097,3,1
404137,42729,5077,8,0
25616109,2701481,20168,16,0
28169420,2970580,31022,7,1
30346676,3201156,13045,1,1
7354380,776356,15541,2,1
19572229,2064277,43902,3,1
10245707,1081711,31857,9,1
12863020,1357792,28289,16,0
24727224,2607802,32327,8,1
7783855,821609,37919,1,1
6223925,656943,18465,7,1
370053,39009,36550,14,0
23989374,2530054,29487,16,1
1754890,185075,19734,4,1
13153694,1388356,22069,1,0
5772452,609349,45036,2,0
31167244,3287389,34745,9,1
18629524,1965179,27104,3,1
13734368,1449663,21083,10,1
24187480,2551001,21497,4,0
28464785,3001963,5785,2,1
12005576,1267264,44683,10,0
16069678,1695469,29506,1,0
17028956,1796166,43768,10,1
4339974,458114,12914,7,1
2049076,216111,13870,21,1
5536681,584431,34358,8,1
18108698,1910121,16570,14,0
30476683,3214699,13425,14,1
18362154,1936812,17779,16,0
14998872,1582641,14197,5,0
30785187,3247309,38154,2,1
1023567,108089,13176,1,1
20884267,2203055,48348,9,1
3190861,336952,38720,11,0
32324120,3409440,30489,5,1
8701895,918606,2154,10,0
7736615,816594,2295,13,0
18303009,1930590,15623,6,0
18288458,1929079,45788,5,1
13308738,1404494,17794,7,1
10974377,1158578,13176,2,1
6211714,655660,42265,18,0
4969069,524421,4605,4,0
480865,50807,8671,1,0
7672995,809964,9366,7,1
21339806,2250867,14633,5,1
23591962,2488172,30827,1,0
17434460,1838986,43152,16,0
14386071,1518026,18811,8,0
16246719,1714186,24499,31,1
18563156,1958173,28156,3,0
4486052,473528,11520,2,1
7554546,797482,9159,22,0
16791013,1771113,32832,6,1
23188796,2445731,18670,9,1
18375299,1938209,40571,4,0
30588493,3226376,29393,2,0
13438629,1418289,46650,5,1
21205335,2236683,21295,19,0
28596623,3015863,14502,10,0
30331980,3199564,42701,4,0
5808977,613156,5302,3,0
18323231,1932719,15981,5,1
4719894,498081,13176,8,1
10783015,1138318,42701,6,0
19579982,2065093,18027,1,0
23269957,2454255,3177,10,1
14527315,1532880,35914,6,0
18730265,1975596,27294,2,1
2778305,293194,43908,7,0
1317557,138982,46144,6,0
2550299,268963,32433,8,1
22590281,2382694,1464,18,1
2602568,274465,40028,11,1
16717174,1763255,41844,12,1
29064110,3065238,29231,1,0
8981991,948258,19677,7,1
21666165,2285441,12016,16,0
15066901,1589800,35011,6,0
15090801,1592305,4920,5,1
20317193,2142929,15359,7,1
11991646,1265793,41561,11,0
14379787,1517371,28985,18,1
29881060,3151639,44632,2,1
14266552,1505556,45007,11,1
16186557,1707863,4605,7,0
29093902,3068380,14199,23,0
26394795,2783396,38267,6,1
17306312,1825519,16759,16,0
23775737,2507516,20574,2,0
28105794,2963928,10644,14,0
17318846,1826821,16398,19,1
23538029,2482427,44224,5,0
6842219,722186,33705,10,1
1247645,131642,47766,4,1
14330624,1512234,29874,29,0
11054686,1167031,26863,5,1
16736401,1765302,19054,22,1
6327886,667911,4683,16,0
30227126,3188518,38827,5,0
22079027,2328790,48697,1,1
19861210,2094844,26209,6,1
17199836,1814434,40310,2,1
6826154,720527,39322,7,1
22128294,2333963,35547,3,1
14806931,1562271,17207,6,0
9910604,1046476,27695,8,1
3207281,338699,48771,9,1
14885857,1570655,34986,11,1
16951360,1788029,45603,3,1
10751769,1135014,25830,14,1
22004924,2320975,31893,4,0
5906587,623403,25640,7,0
23628002,2492007,36114,7,1
26558978,2800598,35004,17,0
13386399,1412788,34023,3,1
12368750,1305578,13176,15,1
1854633,195563,17948,8,0
29547778,3116182,43662,3,0
22934304,2418946,20448,10,1
19250322,2030356,21469,15,1
19858330,2094530,41665,3,1
24550056,2589193,16759,10,1
15921587,1679857,7249,3,0
32097329,3385596,7559,1,0
32424081,3420015,38456,9,1
11355108,1198784,16220,6,1
19734117,2081300,35083,14,0
30118771,3176970,29926,18,0
26388767,2782770,34530,8,0
7803614,823771,16013,10,0
19723412,2080172,24852,1,1
18543497,1956130,6631,3,1
26391029,2783020,8424,4,0
25977773,2739494,31915,9,1
27235208,2871866,21246,26,1
22209119,2342564,38400,1,0
18814852,1984487,39408,8,0
27287908,2877447,17223,11,1
3802766,401559,26421,7,0
2575666,271649,42475,12,0
30867521,3255993,15290,7,0
10220569,1079096,16797,11,1
21925639,2312660,41225,2,0
18575493,1959454,35336,16,0
5221633,551043,26369,7,0
12037137,1270631,13554,17,0
14306853,1509738,6184,3,1
9264761,977897,7673,3,1
16686487,1760094,21903,11,1
12576513,1327324,546,13,0
10225407,1079606,48364,7,1
1696212,178818,22025,10,0
12899329,1361586,36854,2,0
4047645,427089,33147,5,1
10513968,1109951,46676,8,0
9257417,977118,21903,4,1
16509502,1741612,26283,26,0
14683774,1549384,21938,6,0
25794587,2720295,14890,24,0
19998602,2109271,41950,7,0
29506257,3111916,6399,10,0
24035296,2534873,35072,17,1
32136773,3389814,311,10,0
14840321,1565836,28934,19,1
32088412,3384663,7916,9,1
3472711,366905,20628,18,1
7404201,781629,34197,1,1
11491498,1213129,27360,2,1
7053070,744636,46820,3,1
15263524,1610599,24830,12,1
15401333,1625153,48440,20,0
17308331,1825752,4421,14,1
16171672,1706328,13966,10,0
20967478,2211734,26711,13,0
17924628,1890635,48775,4,1
11144157,1176494,41596,1,1
6877775,726028,5114,12,1
11249049,1187660,29418,5,0
24056496,2537138,46906,16,1
1598990,168491,22825,10,1
13212530,1394470,22935,9,1
20764581,2190400,14780,14,0
25427524,2681736,5994,17,0
25695408,2709930,32734,25,1
19694955,2077197,33573,4,1
9621307,1015659,28204,2,0
8783690,927188,45584,20,0
8769830,925716,3990,1,0
494292,52263,18561,2,1
24458802,2579598,9058,12,0
7042577,743507,43227,4,1
29339619,3094369,44492,23,0
6302962,665299,20738,3,1
12645824,1334667,24058,5,1
11137455,1175738,14992,2,0
29255200,3085373,17490,24,0
2912494,307532,25931,5,1
18460267,1947255,12069,4,1
7518427,793653,34099,21,0
13511200,1426041,41658,22,0
21678535,2286667,17122,6,1
19602368,2067447,38928,4,1
15731390,1659808,205,5,0
8553465,902966,1169,5,0
14746594,1556013,32177,10,1
20937034,2208587,36085,19,1
1040637,109898,21622,2,0
13064252,1378946,43192,16,1
22371883,2359800,45066,1,0
28776226,3034819,13176,2,1
8967073,946683,35163,16,0
10642919,1123542,8758,2,1
5419039,571902,27086,12,1
4125549,435335,27839,3,1
16872007,1779674,44245,5,0
13111018,1383844,17556,6,1
17540767,1850103,48450,5,1
10281791,1085490,18027,3,1
9349927,986864,16797,9,1
4963791,523858,31040,11,0
16280539,1717671,36760,8,1
14013730,1478961,5322,3,1
15712935,1657838,31915,6,1
23245267,2451669,24964,11,1
21117894,2227468,26283,6,1
8188450,864319,19723,7,0
11606073,1225225,44008,5,1
4229104,446265,38689,6,1
10954905,1156555,25837,2,1
27083994,2855792,45633,2,0
25318902,2670285,39275,17,1
8494937,896704,8988,9,0
10892739,1149960,45913,23,0
26087738,2751150,24759,19,1
28248920,2979049,33731,2,0
28012286,2953988,24184,4,0
10249959,1082178,25126,12,1
5451188,575334,21616,9,1
5975351,630660,21009,8,0
18403130,1941163,5158,15,1
14108848,1489001,248,4,0
12349272,1303566,27086,4,1
13577744,1433135,27344,6,1
17895517,1887554,10385,11,0
26063685,2748618,23848,20,1
31074422,3277744,46906,6,1
19768013,2084968,18362,5,1
21259433,2242459,5566,4,0
30291630,3195336,19660,2,0
11927269,1259085,44408,2,0
11461732,1210067,10912,2,1
7376187,778652,20022,10,0
11784149,1244150,28993,7,1
11388618,1202311,28427,12,1
31510929,3323473,8460,11,1
15059487,1589013,28204,2,1
3600663,380354,44632,3,0
23835203,2513788,14218,4,1
31973242,3372450,1804,11,1
21446725,2262134,34524,6,0
2066951,217960,5025,3,0
30107713,3175797,27344,3,0
9726477,1026840,41808,8,1
4917399,518979,28465,1,1
26765918,2822482,19987,7,1
29210607,3080723,44632,5,1
5547991,585634,21137,5,1
3000341,316756,16995,6,0
5670086,598538,39475,1,1
13193220,1392473,31956,5,0
3516364,371468,17951,7,1
8165674,861901,40724,12,1
32252212,3401841,13176,21,0
5851234,617619,17122,2,0
5036351,531680,31553,6,1
10479908,1106409,18027,3,1
31089609,3279304,24834,16,0
14378930,1517288,31553,1,1
26367390,2780560,44987,9,1
17194461,1813888,34128,6,1
18583472,1960328,49273,15,1
20477585,2160095,5068,12,0
4557316,481046,28934,14,0
27604812,2911081,42282,6,0
6622805,699043,5450,10,1
24116092,2543452,45311,15,0
18521180,1953765,41950,11,0
11571510,1221637,14074,1,1
2286830,241233,16797,11,0
6432798,678840,22825,6,0
3139407,331477,1025,7,1
9493657,1002145,20127,7,1
32301216,3407010,5491,2,1
732504,77493,21137,1,1
17646507,1861220,1215,7,1
7363573,777356,45007,4,0
13284936,1402013,33198,3,1
14987544,1581460,30233,4,1
96419,10187,25513,10,1
18046365,1903511,5077,15,1
22267798,2348747,15183,4,0
6980132,737022,37204,18,0
27269176,2875494,32403,13,1
30863533,3255567,41588,2,1
12329414,1301448,22178,5,0
24023456,2533632,19895,1,1
22029978,2323548,5912,16,0
4455747,470309,36772,3,1
19380156,2044081,36913,5,0
19254907,2030832,19660,16,1
3532047,373143,34321,19,1
11614425,1226111,28553,8,0
540203,57160,9076,7,1
7283931,768991,21137,10,1
18192278,1918943,3243,7,0
29313708,3091552,1970,4,0
9180653,969068,13535,8,0
25691296,2709482,48945,11,0
17314911,1826417,39275,12,1
8878588,937286,29744,1,0
4588830,484387,45622,11,0
1321526,139376,17454,2,0
6939001,732631,6003,9,0
17561999,1852335,9894,43,0
32356896,3412953,21137,10,1
15725311,1659169,31288,22,0
24573564,2591729,7781,2,1
21258036,2242305,43295,11,1
28152592,2968756,18104,6,1
29804112,3143491,31717,7,1
1645192,173438,5451,23,1
175722,18512,30222,14,0
5851493,617653,20906,16,1
14318631,1510925,42701,6,1
13711438,1447224,37011,10,1
8966056,946593,21137,3,1
23341574,2461856,28985,12,0
12211532,1288926,27966,1,1
20067800,2116540,14678,14,1
15409738,1626010,6184,8,1
636850,67358,32211,5,1
10551104,1113863,11109,5,0
7200788,760346,13176,2,1
3143515,331912,196,2,0
14953903,1577860,44211,5,0
18590937,1961121,3529,4,1
9145117,965425,44422,6,1
9270973,978521,31173,30,1
29314644,3091649,28058,4,1
18540584,1955786,43122,6,1
28427435,2997987,41950,13,0
17197380,1814198,1244,14,1
16745334,1766223,3599,12,1
6359289,671219,3126,43,1
27891810,2941209,48626,3,1
25093085,2646576,20842,2,0
25030110,2639906,6213,15,0
3030230,319850,21288,6,1
26064534,2748703,25138,9,1
7126304,752447,39275,8,0
6552647,691663,37215,8,1
26737144,2819458,24248,18,1
18821330,1985159,26914,3,1
30423509,3209212,20431,16,1
21564950,2274659,12919,13,1
18089092,1908017,21903,1,1
8057841,850556,31268,3,0
13746273,1450915,46667,1,1
4613731,486940,24852,14,1
11288889,1191734,32018,16,1
8807828,929744,43961,21,1
29828582,3146106,19508,3,1
3867983,408268,41950,6,1
25635419,2703538,44683,12,1
14364754,1515815,16154,9,1
9837837,1038733,21137,2,1
14674046,1548333,47209,2,1
21960288,2316292,49235,2,1
8944058,944241,21715,8,0
1525842,160843,27548,9,1
14655454,1546325,24830,13,1
7236699,764046,10749,15,1
5583395,589338,13866,3,1
25383920,2677183,14488,4,0
6222768,656813,287,13,1
20367420,2148304,22035,7,1
29633092,3125311,40017,9,0
25676001,2707878,36333,18,1
13656389,1441366,27845,16,1
22629294,2386816,16772,7,1
6885465,726874,22062,9,0
8822093,931287,40763,30,0
22734380,2397888,17177,5,1
19795667,2087791,46050,13,0
7732962,816212,46979,2,1
29474380,3108546,40571,17,0
10634570,1122660,17949,6,1
15443775,1629615,16797,3,1
19916656,2100673,7644,6,0
12748545,1345556,46551,6,0
22211703,2342848,43629,26,1
17988833,1897447,28785,2,0
2007835,211706,38928,2,1
17061991,1799724,4799,17,0
24959909,2632433,7751,9,0
31529623,3325403,38985,6,1
5467369,577044,42736,1,0
14417153,1521302,24852,11,1
14937129,1576072,12995,2,1
3804267,401714,5103,1,0
3103149,327617,21607,8,1
29643438,3126434,42265,8,1
3705826,391394,25340,19,1
31295924,3300931,12258,11,1
19520532,2058878,28918,7,1
5576345,588586,25197,4,1
1748583,184387,39190,4,0
4047611,427085,49416,14,1
4965841,524069,45613,21,1
32239021,3400507,24721,8,1
31267133,3297801,42265,22,0
15042085,1587194,16759,1,0
5115865,540032,25640,19,0
14629741,1543684,17316,1,0
16681298,1759543,45007,24,1
5497374,580202,21137,12,1
20392896,2151035,169,2,0
26219560,2765049,651,19,0
4088381,431427,13198,4,1
9791728,1033903,25930,4,0
27677434,2918776,21019,1,1
1304491,137612,47993,15,0
6989748,737971,49215,6,0
28153504,2968861,40042,2,1
21562609,2274407,14462,3,1
7121739,751963,8277,14,1
6233664,657962,32033,4,1
1057623,111655,24118,4,0
12837910,1355090,12572,1,1
18465115,1947767,812,17,0
13813153,1457774,37656,1,0
15782223,1665202,45002,3,0
4631908,488826,28842,13,1
6701177,707320,14992,1,1
30892154,3258634,35948,1,1
19084146,2012756,37199,11,1
14764595,1557871,44622,9,0
14700321,1551131,44359,9,1
11059234,1167490,27454,9,0
23328470,2460467,15182,16,0
678569,71783,22362,3,1
26567510,2801504,43352,1,1
23746319,2504449,14084,2,1
18944392,1998007,24852,5,1
3590301,379314,47209,11,1
20090531,2119000,27705,5,1
26496273,2794068,9515,20,1
19633596,2070663,33000,4,1
21344377,2251377,27845,5,1
2514228,265122,18471,2,1
30368322,3203481,24010,8,0
11489595,1212905,30489,9,1
21609283,2279450,45862,2,0
7136662,753542,27360,1,1
7247704,765179,3800,6,1
14997052,1582438,11046,25,0
22356060,2358117,40706,15,1
25751636,2715816,20940,1,1
19715144,2079307,27407,16,0
30348935,3201390,38247,4,0
16587331,1749699,38688,15,0
2431186,256452,6740,4,0
8657417,913946,17931,5,0
25941669,2735702,18615,1,1
4199231,443039,22220,3,0
13405345,1414811,7669,7,1
8902086,939784,21417,7,1
6817303,719581,23734,9,1
27973546,2949788,30391,2,0
3261401,344427,13870,5,0
27786363,2930215,47626,22,1
22297520,2351881,19446,1,0
26772296,2823135,47209,2,1
4223632,445674,13988,7,0
25633643,2703352,16168,8,1
28090963,2962304,42768,10,0
19464786,2053033,4357,1,1
5398882,569791,30450,4,1
20137706,2124018,9637,4,1
3250187,343225,2985,7,1
3225553,340620,26940,1,1
18159794,1915501,31216,10,1
14783196,1559823,35923,17,0
31043105,3274457,16560,2,1
21800749,2299519,19057,3,1
23982476,2529320,3682,11,1
17062407,1799773,18523,1,0
20439139,2156024,17122,3,1
8031393,847820,260,8,1
10168362,1073521,47672,3,0
22881820,2413470,48802,20,1
31998917,3375187,39475,1,1
11139079,1175919,17789,6,1
30531065,3220401,47734,12,0
27802285,2931888,2675,3,1
12238052,1291711,2450,24,1
16486250,1739127,21195,12,0
20707916,2184499,10369,1,1
26895908,2836024,37710,1,1
9226764,973843,17600,7,0
8673668,915634,37646,10,1
23964675,2527449,39719,12,0
6998421,738892,15937,10,0
27255958,2874085,27966,1,1
1593108,167883,29127,14,0
4505753,475670,14374,14,0
18860468,1989263,32403,3,0
8792637,928161,4274,2,0
12312308,1299604,2086,8,0
14517965,1531898,13176,5,0
29306735,3090820,27662,6,1
20794560,2193570,5782,2,1
17482825,1844095,12107,4,1
14981299,1580785,45066,2,1
26019792,2743995,42240,3,1
16537991,1744538,28601,8,1
13030762,1375391,47626,16,1
5813390,613647,43691,14,0
1291958,136289,38928,1,1
29477367,3108851,25885,11,1
14016320,1479233,41461,15,1
4948452,522258,46842,22,0
2604447,274669,23375,28,0
3239761,342105,1063,23,1
3523814,372275,4347,5,1
15735571,1660271,9834,25,0
7180811,758213,15899,15,0
4058446,428246,6680,11,0
20405995,2152456,6849,1,0
6740807,711525,20385,2,1
13996259,1477116,44204,26,0
15968924,1684835,431,12,0
14529471,1533096,36968,13,1
18488677,1950207,34915,2,1
15244623,1608587,20211,7,0
20703164,2184003,47698,15,1
29669039,3129078,14814,2,1
27428856,2892267,24338,2,1
7288345,769440,7528,10,0
29134197,3072655,20985,9,1
22741975,2398703,13176,1,1
24097002,2541394,49683,4,0
26745082,2820282,33894,22,1
5479087,578302,45264,7,1
17600779,1856421,40945,8,1
27644824,2915384,31701,3,0
5947925,627737,49235,1,1
12219923,1289829,13926,8,1
32269742,3403705,13646,5,1
26277230,2771168,12427,2,1
3201225,338061,1710,2,1
13687156,1444672,41950,11,1
14372583,1516616,38390,4,0
19383341,2044412,3318,7,1
28272934,2981587,37158,3,0
4864082,513412,48453,2,0
14125349,1490742,47357,5,0
26177181,2760597,42622,11,0
22194650,2341073,29344,6,1
10397071,1097679,14652,1,1
597379,63161,45977,1,0
28487374,3004380,29307,9,0
20855315,2200010,22035,2,1
12931160,1364962,48183,5,0
23329540,2460585,43789,6,1
31188609,3289635,1640,1,1
5994169,632716,5818,4,0
17617366,1858180,21295,13,1
18262930,1926472,16262,10,1
18179938,1917664,33000,12,0
9251206,976478,8197,2,1
10957984,1156852,47990,6,0
694839,73475,8592,6,1
13346148,1408522,44368,23,1
27654721,2916407,28180,5,0
19294456,2035006,39877,5,1
15583157,1644183,38293,1,0
13145450,1387504,21125,14,1
4968443,524359,49533,17,1
22081215,2329038,22825,4,0
16324996,1722298,18370,18,0
4877390,514781,15510,19,1
21527116,2270677,22035,2,1
15933629,1681122,32139,24,0
30457061,3212718,16464,14,0
6157891,649950,25890,2,1
10958803,1156928,4461,8,0
22917965,2417219,39928,9,1
31763239,3350130,47626,32,0
6451966,680837,43352,2,1
5165601,545212,19173,1,1
13881665,1465078,15011,9,0
5470669,577405,38293,4,0
6965116,735429,8230,12,0
30012337,3165642,21137,12,0
20612479,2174472,30406,3,0
7148705,754841,5323,2,1
23194749,2446374,9519,5,1
21001411,2215310,1197,2,0
503947,53291,33000,4,1
25511037,2690633,21903,6,1
21241195,2240530,45977,13,0
15649495,1651152,47852,6,0
20389977,2150700,21137,1,1
17025775,1795847,39245,13,1
16514761,1742145,13176,2,1
9883779,1043613,39891,9,0
28571456,3013230,24834,3,1
6259383,660661,33852,2,1
27417025,2891010,25715,2,1
20516657,2164238,7113,20,0
31127577,3283253,47145,4,1
10224061,1079459,33731,3,0
14981319,1580789,37733,2,0
2756819,290906,37646,1,1
6021863,635658,27104,14,1
20813467,2195561,15429,19,0
29100490,3069037,33352,37,0
13826160,1459199,31205,6,1
4267249,450306,33978,9,0
17543484,1850381,26283,2,1
9998072,1055644,36929,8,1
16786997,1770679,28993,3,0
28234925,2977536,39877,2,1
8990883,949193,21938,5,1
6938153,732537,34862,1,1
6975388,736510,15591,11,0
17332244,1828227,22825,11,1
21515750,2269468,2038,3,1
9038475,954211,26165,12,1
20427255,2154722,11140,9,0
19167487,2021652,16797,1,0
22704703,2394779,19348,2,1
12991677,1371317,26790,8,0
22842137,2409354,48364,14,0
32190161,3395321,24852,7,1
2279522,240450,9308,7,0
22373586,2359995,17333,21,0
17503683,1846280,35221,2,1
8721539,920617,2588,21,0
24898691,2625955,45066,16,0
17949031,1893243,21903,7,1
13094455,1382121,41408,12,1
27401880,2889383,27966,9,0
19492414,2055944,21050,3,0
21972978,2317648,21137,4,0
3925223,414219,13510,34,0
29460071,3107076,32655,6,0
14869240,1568916,11123,1,0
23727507,2502509,32151,4,0
17600714,1856411,20549,31,1
26974604,2844306,24964,5,1
20614363,2174677,43221,6,0
24584384,2592844,36397,1,1
11857315,1251857,24852,5,1
31911432,3365841,18362,4,1
18103419,1909549,27104,5,0
15581278,1643994,24489,6,1
5184309,547174,34850,10,0
14563481,1536725,47766,11,0
13500215,1424872,36847,22,0
10999777,1161236,42302,10,1
2414373,254706,38641,12,1
18114604,1910753,23765,6,1
26822652,2828416,22935,9,1
30898048,3259238,25640,4,0
31618878,3334985,11440,14,1
2523162,266091,17847,12,0
8048734,849586,47766,10,0
31676608,3341006,7559,14,1
24778991,2613311,39225,8,0
11246545,1187395,35957,2,1
22262209,2348155,10032,1,1
9427504,995174,12496,16,0
18510508,1952601,34991,4,1
16119139,1700680,3098,14,1
29307547,3090917,24561,7,0
6386977,674109,26604,6,1
686844,72639,11623,7,0
30195084,3185077,43713,1,1
24281147,2560769,23216,9,0
13780535,1454411,26477,5,0
14342128,1513463,20345,7,1
31214629,3292328,890,18,1
6827992,720709,16797,18,0
14013640,1478947,28465,2,1
24558743,2590160,1999,2,0
3808197,402127,5612,6,1
19560826,2063085,22035,8,1
3808991,402219,32684,8,1
19095865,2014046,24852,5,1
14832966,1565060,9595,4,1
32049734,3380547,35561,6,0
21446758,2262140,42265,2,0
3756541,396745,10749,2,1
24861,2596,40961,25,1
26446718,2788898,26384,7,0
20503103,2162774,33330,3,0
5217696,550635,7948,3,1
28356761,2990483,43122,12,1
23240793,2451225,33508,10,1
10093129,1065711,21333,2,1
7508049,792519,21137,6,1
25689699,2709328,23375,3,0
15739666,1660706,25804,9,0
31179353,3288661,28553,7,0
7380362,779062,1883,12,1
28393313,2994397,28014,1,0
18864507,1989678,13712,4,0
31632406,3336339,48226,24,0
30701315,3238328,8518,14,1
16269916,1716567,31915,10,1
11161348,1178361,38508,1,1
7775615,820735,436,2,1
17136475,1807698,48415,5,1
28169618,2970602,34126,23,0
29719492,3134447,6772,6,1
2638671,278303,33037,1,1
26450410,2789258,11712,6,0
7170988,757182,47611,5,1
732374,77481,9339,4,0
30829140,3251937,17706,1,1
25348456,2673375,28985,9,1
5176867,546401,5479,1,1
22270623,2349064,4210,5,1
30800055,3248892,8859,7,1
2045573,215741,43192,7,1
20835386,2197881,8571,1,0
25303955,2668706,13457,1,1
6522818,688452,8718,6,1
12365091,1305176,29274,7,0
31960493,3371088,43295,2,1
23205081,2447430,38141,12,1
13161771,1389197,18531,5,0
29701156,3132555,32784,16,0
15538276,1639431,18814,3,0
8782395,927058,8518,11,1
23216864,2448709,47977,3,0
30996316,3269519,24964,10,1
22327013,2355016,24263,14,1
10537059,1112395,4472,9,0
4936378,520977,19101,8,0
26799587,2826069,39108,11,0
192963,20346,43154,17,1
984083,104003,17372,9,1
17303898,1825275,29987,5,0
30085648,3173492,1826,6,1
14936740,1576039,17678,2,1
1159116,122275,38400,12,0
9830941,1038036,12250,16,0
3167906,334499,1999,11,0
23892524,2519770,32989,4,0
12973940,1369471,29373,1,1
12694330,1339794,32139,7,1
22516319,2374874,27000,6,1
24492180,2583049,46558,11,0
11443573,1208122,26373,36,0
18096003,1908746,18150,4,0
17159847,1810170,4605,4,1
3046112,321537,38944,10,0
23773014,2507239,14161,2,1
21717333,2290766,43262,8,1
30555885,3223013,19348,18,1
13134577,1386335,11777,4,0
23200825,2446992,5876,3,1
4350071,459156,18953,6,1
12976494,1369731,15508,9,0
20535474,2166183,12872,2,1
6853134,723397,18418,1,1
8420487,888846,9534,2,1
5639515,595306,19019,16,1
4839209,510796,45,6,0
21022789,2217535,21607,6,0
22081828,2329105,21938,11,1
20859409,2200455,18254,3,1
31301125,3301492,44042,14,0
10151337,1071810,34197,2,1
12127324,1280071,28990,10,0
17130027,1807041,24852,2,1
9459346,998556,10673,5,1
20747176,2188578,35951,7,1
14924695,1574714,27104,15,1
4510498,476147,26496,4,0
31656793,3338849,23622,11,0
20220736,2132841,15860,7,1
26578425,2802639,1406,6,1
5659782,597443,21022,26,0
29357108,3096209,25146,2,0
10847041,1145169,26800,5,1
14039835,1481726,39275,10,1
18843233,1987458,16004,15,1
14679196,1548914,23416,8,1
7674923,810166,5450,5,1
26410618,2785035,5876,8,0
25418466,2680796,20995,3,1
19685689,2076206,32566,7,1
29534152,3114756,43009,13,1
17877505,1885683,15261,7,1
20729488,2186739,16885,17,1
28635787,3019974,4472,6,1
11510798,1215187,31717,17,0
10171060,1073821,9076,6,0
24579852,2592407,47682,22,0
30218017,3187538,27323,5,0
30296688,3195849,8996,3,1
17121131,1806047,31387,5,1
4054493,427818,19459,14,0
2408968,254150,44391,21,0
30737296,3242204,5296,10,1
22844059,2409544,13176,3,1
19606553,2067880,3339,12,0
17456379,1841302,47941,1,1
10225896,1079655,25495,5,1
12869836,1358505,15261,2,1
6915666,730109,8174,7,1
16021550,1690377,10914,1,1
11320636,1195122,34270,4,1
16637742,1754976,24120,9,0
4666758,492502,11710,12,1
7755045,818544,33000,8,0
23664304,2495820,4605,5,1
6786109,716270,26914,6,1
384246,40603,21137,8,1
31074357,3277738,13176,6,1
28898210,3047748,9092,11,1
3363808,355283,1582,34,0
3959692,417810,44533,1,1
28701221,3026928,27695,5,1
12395506,1308383,7069,9,1
6720630,709388,36389,8,1
5265208,555661,21841,8,1
27014672,2848516,10749,8,0
17711429,1867933,21405,2,1
7043093,743563,11520,2,1
2291620,241727,42460,10,1
5593861,590448,46041,3,1
27709124,2922124,35842,37,1
7218150,762141,24964,10,1
22283744,2350439,5603,6,0
29110363,3070116,16797,1,1
28889219,3046799,36598,4,1
27846846,2936550,44201,7,1
8630072,911075,11629,4,1
26653944,2810630,35824,3,1
17364200,1831607,27553,18,1
14641130,1544837,42972,9,0
24175525,2549765,24852,6,1
20565112,2169365,24489,6,0
1759871,185579,31495,8,1
26108093,2753324,5258,92,0
12743005,1344956,40709,8,1
49433,5226,44491,7,1
15081241,1591320,12974,18,0
17320001,1826960,34832,8,0
16852454,1777680,27845,3,1
24194097,2551676,5025,6,0
4919585,519197,36976,21,0
28328092,2987506,5959,5,0
30099368,3174989,46820,4,1
1518280,160084,24852,3,0
10672345,1126628,17630,18,0
1667140,175762,47766,1,1
27810111,2932714,8277,9,1
23767718,2506718,16022,10,1
1415336,149231,21927,12,0
16754242,1767227,32329,3,0
2339558,246783,15872,7,1
9851942,1040243,43262,11,0
31122048,3282695,26861,25,1
5920880,624913,37158,8,1
24290632,2561757,20574,17,1
29042160,3062964,32864,16,1
13317866,1405500,24062,9,1
6479825,683835,18433,2,1
31966225,3371704,42625,11,1
13608362,1436330,45154,8,0
31707060,3344195,21137,16,0
25899584,2731299,18465,4,1
13036333,1375974,7559,18,0
9289331,980488,10710,14,1
31532479,3325717,18918,11,0
1163955,122780,46572,4,0
8133385,858511,23909,8,1
25916292,2733027,20564,4,0
11326121,1195683,47626,5,1
27548892,2905067,27086,2,1
1517208,159972,23047,4,1
18502109,1951656,45083,33,0
2199750,231987,33363,1,0
29004888,3059055,27344,2,1
3279446,346357,27966,8,0
25630331,2702983,38650,8,1
13279241,1401399,45007,6,1
7264211,766911,21010,18,1
31812249,3355300,30204,11,0
13708660,1446946,20114,7,1
25443380,2683414,5479,11,1
13555229,1430690,41618,5,1
21979915,2318353,7135,11,1
30220560,3187814,27521,3,1
10452636,1103607,41276,5,1
10517982,1110372,46906,34,0
21639595,2282628,45123,1,0
3640938,384575,44290,2,1
28267561,2981020,44987,18,1
1913601,201763,30489,5,1
32005631,3375907,27966,15,0
4950967,522520,34190,22,1
20910961,2205844,26209,11,0
13685641,1444489,27966,32,1
1397891,147459,18963,22,1
12620514,1331976,14563,11,0
29326230,3092940,15143,10,1
26647188,2809934,37220,3,0
998022,105423,17429,6,0
11664856,1231397,15802,7,0
5417601,571749,13740,7,0
24308421,2563677,42625,14,0
7958913,840221,18023,1,1
9013024,951502,12392,7,1
6116062,645533,3855,17,0
14801893,1561733,5819,17,1
29545462,3115963,48559,19,1
5694048,601136,26604,10,0
20912976,2206047,8277,1,0
12979055,1369993,35233,6,0
7795096,822871,7361,10,1
2254649,237814,49628,3,1
6474578,683281,5818,3,1
1380530,145633,28309,25,1
18170058,1916601,13819,6,0
10265931,1083822,1199,15,0
9995053,1055319,13924,13,0
29939991,3157980,41564,5,0
25233643,2661365,7781,10,1
26241978,2767394,13176,1,0
17653550,1861961,30480,2,0
15870094,1674551,42445,11,1
31100622,3280427,8559,8,0
7045049,743767,21376,9,0
23919825,2522702,44325,6,1
1690757,178225,22035,3,1
27750565,2926493,14421,3,1
19949696,2104102,40723,1,1
30838146,3252858,6489,14,0
27148227,2862595,17352,9,1
6657484,702660,44632,3,1
30739488,3242433,38849,3,1
23588993,2487838,43192,4,1
12963387,1368296,49235,1,0
32291300,3405948,46979,21,1
26229084,2766044,17616,7,0
24376344,2570813,4920,4,1
17793230,1876593,44116,6,1
10870213,1147600,47077,3,0
29216201,3081297,21903,11,0
20739938,2187833,615,2,1
952626,100645,48726,7,1
17418214,1837326,9972,14,0
22528752,2376206,43772,4,0
5208945,549706,40345,6,1
3252079,343420,40386,1,0
14085129,1486498,13263,24,1
29465870,3107663,45322,1,0
20423607,2154328,9000,17,1
27876712,2939642,16521,4,0
7562039,798289,47209,6,1
30199468,3185551,46667,8,1
7703792,813158,24489,6,0
12562708,1325877,32755,4,0
14609837,1541595,17835,3,1
2270182,239473,35838,1,0
26805594,2826718,13628,2,1
16519294,1742625,44500,9,1
25277177,2665903,11689,4,1
31262960,3297360,22312,6,0
4827056,509506,27845,5,1
10024074,1058400,35108,1,1
12789868,1349908,12383,6,0
11809436,1246751,42625,10,1
25844466,2725589,28535,10,0
22663510,2390455,12053,3,0
23572464,2486102,28748,11,1
8721822,920647,20119,2,1
23789866,2508994,17284,6,0
7768076,819936,22025,2,1
15657869,1652005,14414,1,1
29866280,3150092,45599,8,1
30492738,3216425,48364,15,1
19780248,2086255,5013,3,1
1943870,204981,36011,2,1
30000321,3164355,16703,18,0
5672407,598791,8230,2,1
267616,28166,2855,3,1
8129877,858134,11182,7,0
29918751,3155674,39877,13,1
23618891,2491012,47209,4,0
8724458,920932,15290,10,0
20780956,2192091,16869,1,1
14818853,1563555,10387,19,1
16916489,1784371,35221,13,1
31066649,3276936,47388,7,0
20372311,2148816,25659,1,1
16928385,1785637,13829,3,0
5889287,621612,21137,4,1
5645853,595978,45066,12,1
24419562,2575430,49075,6,1
18639681,1966237,41950,2,1
19834643,2092016,17976,4,0
20201980,2130882,24830,6,0
19874223,2096191,30117,8,0
2245234,236850,5161,4,0
2695175,284303,36512,9,1
21003861,2215582,27845,1,0
16487394,1739243,7952,16,1
7107434,750404,38508,25,1
18699497,1972451,49192,2,1
16365982,1726589,9519,19,1
17418521,1837363,46979,9,0
17503950,1846313,48775,9,0
24012104,2532454,2855,6,1
17939798,1892255,44426,11,0
31029127,3272964,9741,5,1
26530866,2797633,31727,5,0
31280829,3299266,38582,4,1
25697546,2710163,45884,1,0
13134247,1386307,43920,2,0
23529477,2481546,4066,4,0
11754963,1241065,42265,13,1
30424422,3209310,8518,2,0
18087368,1907787,4357,16,0
24070511,2538633,47965,6,0
28508334,3006571,5646,7,1
3391197,358269,27156,18,0
1608897,169585,13995,8,1
22538957,2377272,40634,34,1
19871616,2095922,21137,6,1
8231293,868906,13984,10,1
12748139,1345514,33129,2,1
11250061,1187751,22935,3,1
18201892,1919950,23233,23,0
5192868,548038,14211,14,0
24527622,2586786,28303,4,1
26010573,2743013,43643,4,0
15192514,1603163,27966,22,0
12046077,1271581,1158,3,1
28262788,2980541,5670,8,0
4556597,480973,39491,8,0
30656695,3233587,28199,9,1
26989608,2845886,9881,8,1
23080662,2434284,10960,5,0
26325276,2776243,30287,3,0
18253956,1925538,5422,8,1
14804892,1562048,21616,6,0
23875080,2517982,27521,1,1
17398723,1835286,2180,9,0
23902974,2520934,25931,2,1
12754596,1346201,39180,4,0
12655294,1335665,41757,1,0
28678279,3024489,25832,1,1
4685306,494429,41220,6,0
27347548,2883740,16797,14,1
17326186,1827599,6552,3,1
16698547,1761331,23879,7,1
28841906,3041820,13536,3,0
15943564,1682138,11182,12,1
1678716,176981,39922,2,0
4711743,497224,25476,16,0
29110845,3070169,890,12,0
10425488,1100708,20280,6,0
31152857,3285851,2716,3,1
20714802,2185196,19706,9,1
18451105,1946274,17616,22,1
19251454,2030475,41950,5,1
1836991,193757,28849,5,1
2217434,233847,35628,2,1
5702925,602049,691,10,1
29450401,3106055,27881,1,1
6096054,643498,46226,4,0
968303,102366,6139,3,0
18267596,1926955,3382,8,0
14994947,1582219,12984,1,0
24910666,2627255,17634,17,0
7584555,800623,34126,1,1
10423207,1100463,37654,3,0
4369799,461207,7657,5,0
16880404,1780543,42659,20,1
16010434,1689218,42768,3,1
5278129,557089,48775,7,0
9172337,968192,12011,3,1
5679940,599611,9387,1,1
21598464,2278307,16797,7,1
8975424,947589,19811,26,1
7146872,754641,28522,19,0
2333624,246172,16198,1,1
789453,83533,47626,5,1
13556581,1430852,24372,1,1
17776549,1874886,43789,5,0
6120041,645955,38377,25,1
22514721,2374701,31275,19,1
19925121,2101522,13984,16,0
7132050,753058,11408,2,1
24945197,2630867,22828,9,0
16957873,1788709,432,4,1
13674482,1443286,35616,5,1
24948720,2631241,43961,11,1
12397703,1308617,23192,40,0
21749620,2294095,14870,6,1
10952226,1156289,33037,2,0
14694396,1550503,3631,3,1
17935371,1891753,3999,7,1
5363671,566073,27086,3,1
13010330,1373321,365,2,1
24218721,2554203,28476,14,1
27286883,2877330,21903,12,1
2032167,214262,6948,1,1
19936976,2102755,47025,1,0
4963404,523820,24009,15,1
6131700,647231,38545,6,0
24928267,2629086,27178,2,0
28845229,3042177,21903,6,1
22985279,2424226,10892,8,1
24095377,2541212,23165,6,0
16534045,1744153,23594,9,0
25294156,2667678,14999,20,0
16874550,1779931,13176,5,1
16381327,1728154,17918,4,1
14702442,1551357,38288,20,0
19671789,2074753,19173,11,1
3716803,392613,9595,22,0
32364966,3413813,19173,4,0
5252971,554375,7010,5,1
17136031,1807645,24852,1,1
28591306,3015336,47144,6,1
17622244,1858685,47672,8,0
6953631,734203,20114,16,0
25079905,2645170,36186,3,0
5654617,596892,38689,10,1
16044875,1692820,20114,1,1
16953316,1788233,1947,12,1
10750873,1134932,26369,10,1
31338148,3305327,32655,15,0
16357041,1725643,33401,3,0
8209522,866558,23715,4,0
20982132,2213284,2132,17,0
16028076,1691059,5450,6,1
24313336,2564188,11759,8,1
20394550,2151213,20463,8,1
14455991,1525374,27845,4,1
22019354,2322485,16826,1,1
24248986,2557327,13639,20,1
13191779,1392315,8490,3,0
18225026,1922466,34755,5,1
29396860,3100368,6193,2,0
19581860,2065302,27845,6,1
10640881,1123316,42768,7,1
31974364,3372561,47144,6,1
29041118,3062870,7736,12,0
11080581,1169720,4210,5,0
9818184,1036762,36976,20,0
18914333,1994834,39097,10,1
2095659,220998,31717,16,0
9914934,1046944,10177,5,0
24779654,2613380,12081,6,1
7042267,743473,44898,20,1
475729,50285,38028,11,1
3203478,338293,2983,7,1
26207015,2763744,41131,3,0
30324823,3198811,34234,1,0
27925965,2944783,34243,6,1
19422239,2048477,38620,6,1
2710071,285951,27363,8,0
26934378,2840083,45249,11,0
13235383,1396805,29987,14,1
4754937,501868,13031,8,0
1475263,155577,7308,22,0
18028958,1901698,43961,4,1
1275438,134545,41177,15,1
19756895,2083770,43768,12,1
5131785,541722,28199,3,0
32427102,3420322,47663,8,0
18909018,1994311,23219,6,1
13724963,1448675,17461,13,0
9250078,976367,44426,16,1
15426277,1627775,32478,4,1
16076307,1696195,26083,13,1
22352563,2357714,17721,7,1
22873924,2412633,40709,9,1
21435228,2260920,8518,4,0
14075192,1485479,248,2,0
12264378,1294541,31043,4,0
23928767,2523623,48450,6,1
13067079,1379260,15143,1,1
13051278,1377596,7350,3,0
15579173,1643764,42110,1,1
17887250,1886735,10670,22,1
16310422,1720774,30442,8,0
7777938,820970,19917,6,1
24620725,2596615,7585,3,1
15484353,1633846,14704,2,1
30789422,3247776,7559,28,0
17982368,1896755,44989,1,0
16768239,1768684,4605,7,1
6732480,710624,8912,12,1
570053,60293,45478,7,1
20544055,2167132,196,3,0
10760016,1135873,15290,9,0
27164578,2864323,35176,1,1
24594562,2593944,23029,5,1
10749059,1134726,48925,2,1
24477432,2581544,17878,3,1
12460086,1315130,16953,6,0
18381403,1938856,7026,8,1
11561251,1220512,33731,13,1
22844761,2409617,21938,17,1
8719530,920429,3020,4,0
17730492,1869945,35914,3,1
18426504,1943641,49235,2,1
5294304,558828,29611,8,1
30745981,3243106,38928,2,1
24956527,2632069,15693,10,0
30751324,3243690,26790,4,1
25422616,2681228,47737,1,0
19006915,2004627,28923,4,0
29255368,3085386,29439,25,0
26028714,2744908,41950,7,1
20938518,2208735,20255,5,1
28390663,2994129,46979,16,1
11062691,1167838,21174,2,0
6329758,668104,11737,9,1
25100228,2647350,37710,9,1
17741043,1871067,33407,13,0
32092272,3385069,29769,4,0
26018224,2743832,44632,7,0
25347752,2673308,45007,5,0
4531917,478379,48679,8,0
16084650,1697053,46836,7,0
24374475,2570610,33120,4,0
12642945,1334383,43990,1,0
10743590,1134114,21903,4,1
22689591,2393180,24852,9,0
14930010,1575292,49225,10,0
19190687,2024068,11777,6,1
23520293,2480563,25020,7,0
14550503,1535347,15969,17,1
9145485,965467,49075,13,1
6693517,706489,24799,18,0
30338093,3200258,8277,3,0
26371745,2780989,47683,1,1
28200801,2973892,45066,5,0
14233704,1502074,22825,5,1
11486286,1212574,5023,29,0
5693157,601043,45104,9,0
19285010,2034043,47573,18,0
10013358,1057295,38226,2,1
11760384,1241608,7644,12,0
26578274,2802627,25783,7,0
8224775,868199,29675,18,1
18400188,1940857,28879,13,0
6167464,650985,36849,12,0
18751070,1977743,30252,5,1
6216988,656221,34602,11,0
11686741,1233708,17021,4,0
4206122,443770,24010,5,1
5032147,531240,13108,1,0
21098776,2225453,21938,40,0
26933278,2839975,27966,5,1
26919717,2838553,38275,1,1
16287890,1718437,41787,12,0
24892067,2625265,38192,6,0
1925439,203014,46692,1,1
869676,92089,38739,15,1
3540938,374081,33031,11,0
1602393,168875,12456,1,1
24249670,2557399,8555,8,1
5651912,596609,8204,25,1
12287014,1296935,30795,5,0
23979989,2529060,18200,9,0
703100,74350,41363,2,0
14042100,1481984,49325,14,1
20382236,2149878,23516,14,0
23909053,2521542,21903,1,0
25096496,2646953,30776,8,1
16367610,1726760,8138,9,1
8005234,845079,34243,5,0
31648315,3337969,22622,19,0
26431214,2787214,19653,9,0
21842450,2303821,44471,7,1
8522432,899679,42450,18,1
16203503,1709615,4564,23,0
3162818,333932,41912,3,1
2368008,249835,10957,2,0
30492825,3216438,44570,10,1
14761444,1557557,38944,9,0
23664672,2495852,43767,9,1
17587530,1855015,48338,26,0
4533637,478553,47087,7,0
2910574,307335,6046,9,1
19253479,2030700,39121,10,0
32356816,3412945,35221,2,1
18859396,1989148,36551,6,1
11771720,1242830,34969,8,1
26418679,2785894,43249,1,1
1172389,123679,15322,9,1
1580031,166526,12075,7,1
6848242,722849,45007,5,1
9061273,956618,20738,14,0
25583784,2698134,2855,1,1
24318941,2564760,39275,3,1
5247675,553814,27985,1,1
7412053,782485,13176,3,1
268408,28246,42625,4,1
593945,62792,30091,18,0
13756176,1451941,34320,17,1
16252226,1714730,2604,6,1
23640052,2493259,47114,19,0
8677237,915997,8174,29,1
27759724,2927391,5326,4,0
15106544,1593947,11472,1,1
30447379,3211729,44661,14,0
25060948,2643131,15040,2,1
15463893,1631743,46908,24,0
27498431,2899722,45453,2,0
32398660,3417348,3957,15,1
344369,36339,36724,14,0
12295247,1297799,17461,9,1
21473808,2265042,4920,10,0
9738455,1028112,33768,2,1
31145970,3285158,8087,12,1
8706139,919045,19057,4,1
18608958,1963073,6873,2,0
22101429,2331145,45223,3,1
9201641,971263,35503,1,1
29669152,3129090,17988,10,0
10295349,1086938,27104,12,1
26711645,2816766,7751,23,0
28311312,2985684,15359,5,0
7350599,775926,44632,5,1
23606407,2489679,41117,6,1
29523602,3113718,22419,4,1
5054077,533553,15937,29,1
9650410,1018738,42508,8,1
516605,54599,29250,10,0
25655375,2705699,26351,24,1
22879394,2413207,38067,3,0
2558750,269879,3464,14,0
14655565,1546340,18370,3,1
22529451,2376275,45007,38,1
19706318,2078407,10749,5,1
1974769,208283,45448,7,0
2262987,238715,19759,2,0
2298002,242421,18362,17,1
17534749,1849494,38113,9,1
8234411,869230,22826,16,1
4583488,483816,38141,14,1
16047547,1693089,20842,8,1
11509233,1215017,4920,25,1
28027463,2955573,47804,40,0
15929927,1680743,15527,10,1
11739996,1239466,24852,11,1
17909934,1889094,40706,16,0
15842225,1671599,36307,2,1
2256782,238037,21009,20,1
1382501,145852,33120,7,1
28220617,2976018,41950,8,1
13021105,1374362,46820,4,0
15769983,1663917,26709,1,1
5381258,567920,16797,14,0
3775280,398747,21903,7,1
2301711,242835,12276,7,0
31169934,3287663,28985,3,1
15593503,1645281,8569,14,1
13719674,1448100,22035,3,1
8223870,868102,38383,4,1
280266,29498,30047,2,0
24248340,2557265,2962,1,1
29545496,3115963,11791,53,0
27068973,2854185,30827,8,1
30220080,3187754,33198,11,1
12522131,1321690,19836,10,1
30424080,3209267,1729,2,0
12941718,1366066,9623,3,1
27912065,2943342,38777,9,0
2560940,270094,5025,15,1
1810508,190887,47717,6,0
28150232,2968504,24810,8,1
9376368,989756,31789,9,1
5182801,547009,4591,7,0
18501499,1951604,41593,3,1
11722784,1237622,25237,14,0
30008932,3165268,10549,32,0
21040194,2219334,28656,7,0
10840576,1144489,21227,1,0
13083306,1380962,28413,4,1
2279634,240460,24852,3,1
25578287,2697565,3318,2,0
43041,4558,20052,2,0
28626608,3018988,1559,5,1
10853961,1145928,35951,4,1
1638148,172651,37220,14,0
17653755,1861980,5258,9,0
14084625,1486447,24852,1,1
11626168,1227371,890,6,1
3118310,329184,24489,3,0
32405413,3418041,28928,12,1
9560280,1009161,27690,8,1
26127776,2755398,35561,8,1
27043272,2851488,11520,5,1
32423693,3419977,2716,8,0
19116374,2016219,5105,18,1
8812987,930304,28204,11,1
5338551,563445,18432,9,0
10336849,1091329,6616,17,0
25321904,2670602,4210,1,1
1926912,203169,34473,12,0
10623895,1121562,27086,2,0
23977268,2528792,47500,11,0
2006087,211512,43903,4,0
6039471,637571,13249,3,1
4373147,461554,10644,21,0
9042767,954659,48364,20,0
20132800,2123514,41950,1,0
31630224,3336122,10960,2,1
2125645,224135,5818,13,0
10372667,1095070,35461,7,1
10965062,1157578,5876,14,1
7637233,806240,34422,4,0
520369,54998,19057,17,1
23223878,2449416,24179,35,0
24716886,2606730,43744,3,0
8112569,856336,37807,7,1
18795375,1982375,15649,3,1
17639887,1860504,42416,4,0
32220208,3398497,9477,4,1
6900399,728492,10106,2,1
186959,19700,26056,7,0
22404339,2363218,10749,2,1
3028493,319666,24954,2,1
616876,65221,784,1,1
25553514,2694986,4957,13,1
4979570,525558,5479,5,1
28419207,2997124,44632,1,1
30350616,3201578,21293,1,1
22878431,2413103,13535,10,0
17937561,1891995,13064,5,0
22811634,2406095,36005,10,1
12200172,1287723,33787,5,1
25592726,2699079,24852,11,1
23286899,2456060,26209,19,0
11888248,1255124,46047,12,1
28078372,2960941,49235,11,1
18099572,1909123,25931,7,1
20551160,2167868,13914,8,0
4504960,475597,40199,7,0
28006873,2953418,14992,9,1
16027745,1691022,7146,3,1
25256262,2663725,6101,21,0
12948682,1366788,26209,3,0
31750425,3348788,13870,5,1
16311721,1720923,6184,5,0
26506392,2795131,22298,2,1
19309871,2036632,14633,13,0
7406633,781899,4698,14,1
4724395,498560,38274,8,0
5282174,557514,40724,2,0
12481073,1317345,45,55,1
12761940,1347002,29156,5,1
1739202,183356,31927,16,1
13795620,1455978,46817,3,1
26532325,2797785,5467,14,1
27041853,2851342,27690,2,0
29701690,3132601,5024,7,0
9821265,1037090,5737,3,1
14787316,1560236,16521,29,1
4315489,455562,3699,1,1
11275672,1190386,5449,7,1
23662281,2495605,43104,2,1
23831591,2513403,33754,13,1
1392756,146899,31766,18,0
28528100,3008648,31288,16,1
5992702,632536,21553,5,1
18271236,1927315,28553,4,1
10452386,1103583,28079,9,0
26063531,2748599,32579,2,1
16835782,1775891,4920,4,1
13309259,1404551,28836,6,1
19362628,2042158,38557,3,0
1091712,115212,26940,1,1
2972031,313765,28841,48,0
355016,37475,24852,7,1
6696537,706825,43249,23,1
16790005,1771006,21614,4,1
15704493,1656961,35042,8,0
17725587,1869431,3583,1,0
1872157,197432,26282,23,1
23387053,2466582,29380,7,1
25565201,2696205,14696,6,1
16606113,1751695,47112,5,0
758188,80249,23634,6,1
27375667,2886674,16797,2,1
29809707,3144054,10673,6,1
27854567,2937355,2966,4,0
5586686,589681,34050,26,0
23591603,2488129,34335,1,1
18639418,1966209,6073,18,0
16193615,1708596,3142,4,1
31033286,3273425,5746,13,0
10895003,1150207,27360,9,0
25239011,2661906,21057,12,1
25169561,2654629,24009,6,0
20411796,2153077,22041,12,1
15915709,1679275,2627,2,0
12577273,1327415,30391,4,1
8502775,897546,13310,4,0
22011713,2321687,42633,7,0
28333251,2988038,9924,3,0
5968635,629920,24852,6,1
20524010,2165009,24288,13,0
16811173,1773291,35842,1,1
31733117,3346881,45007,10,0
14743698,1555708,23375,17,0
7031033,742310,35103,13,0
8774026,926179,24852,7,1
19887674,2097624,5876,6,0
2313661,244105,27086,2,1
22100820,2331083,260,2,0
6797679,717530,17454,12,1
21329801,2249849,45007,8,0
26771360,2823040,23400,4,0
10803105,1140550,6201,5,0
28207320,2974605,7646,5,0
4500941,475163,24235,1,1
28544070,3010359,48857,4,1
13037396,1376100,38293,6,1
8993228,949438,1819,1,0
8502876,897559,32255,4,1
21606874,2279220,5445,15,0
8001863,844698,10208,7,0
29205306,3080131,44570,3,0
17665177,1863175,4562,12,1
8815043,930531,40001,5,1
24699177,2604857,5266,2,0
27825686,2934340,24852,2,1
26812828,2827457,4781,7,0
24583881,2592790,3896,3,1
1104470,116532,35420,6,1
4744370,500710,39984,7,1
29753931,3138166,42834,15,0
31586353,3331487,21137,21,0
31035192,3273619,44406,7,1
29287106,3088693,49327,3,1
8445963,891525,47098,7,1
29150863,3074407,5716,5,1
2001155,211000,42719,1,0
29175814,3077041,20580,22,0
2645603,279037,14493,12,0
30554483,3222843,34025,2,1
16738370,1765506,10106,11,0
10784457,1138474,397,12,1
4945454,521932,37141,14,1
30438602,3210762,8061,12,0
3437496,363172,5991,9,1
29525374,3113911,40632,2,0
7607635,803082,24838,2,1
21112932,2226967,22507,1,1
29284876,3088460,49414,5,1
10843372,1144794,39812,20,1
20357645,2147271,17119,7,1
1626985,171528,31215,8,1
13581858,1433590,21553,14,0
7955510,839868,5212,5,1
28726617,3029572,7955,5,1
26286683,2772155,5785,1,1
1459878,153927,44910,5,0
25442254,2683299,33705,3,1
27928992,2945124,39699,4,0
26953538,2842102,21621,27,0
31514966,3323889,22380,4,0
23648722,2494189,30391,12,1
26171433,2759984,18465,10,0
16441627,1734422,18908,26,1
1502959,158442,5876,10,0
10902529,1151032,26800,4,0
31007752,3270739,46677,6,1
16754803,1767287,31640,5,1
12286621,1296894,31964,3,0
6131915,647251,49683,15,0
9951082,1050754,31964,15,1
5440081,574130,20995,7,0
5355169,565183,38340,4,1
13268560,1400272,83,5,1
31650020,3338159,17896,20,1
19055697,2009755,29941,10,0
5134731,542047,21195,6,0
20432201,2155258,21709,1,1
32198457,3396189,44152,5,0
29027843,3061430,28842,11,1
24797454,2615343,15424,6,1
10459920,1104354,34128,4,1
29816748,3144810,32864,2,1
168730,17745,43182,7,0
6265164,661286,2809,49,1
22044359,2325084,21903,1,0
6216814,656204,47209,9,1
24816580,2617394,29334,7,0
23042209,2430186,32964,19,0
26291466,2772673,5535,4,0
20917544,2206503,36557,1,1
2615120,275781,12980,11,0
32215416,3397994,41220,2,0
3499068,369687,45019,31,0
5831545,615555,16797,23,1
8542316,901778,39411,10,0
11563053,1220708,1540,6,0
4165808,439542,42127,30,1
23868103,2517235,5782,1,1
12365761,1305251,34262,1,1
24734693,2608611,2433,4,0
23811252,2511261,17207,1,1
11031101,1164539,32329,1,1
4970426,524564,41950,21,1
31036323,3273742,32433,27,0
23115737,2437959,27336,20,1
29100781,3069071,3952,1,1
941313,99468,16797,3,1
16896304,1782236,26209,7,1
19016826,2005632,27323,11,0
11464762,1210362,3464,8,0
4994022,527116,39984,10,0
2806677,296234,27202,18,1
12821278,1353268,21903,4,1
11702530,1235410,21137,3,0
17839471,1881601,31717,1,1
24090713,2540753,20995,11,1
18488967,1950234,33343,11,0
13892569,1466208,19938,10,1
11557673,1220134,24204,6,0
2912283,307512,43082,10,0
9919177,1047375,28597,18,0
15577893,1643616,30382,2,1
3294196,347925,26709,12,0
16893272,1781902,25890,19,1
22159844,2337265,11512,1,1
31637449,3336844,31506,1,1
17585995,1854873,12149,3,1
27029921,2850102,32655,2,0
25171660,2654860,45066,6,0
29931269,3157055,46149,3,0
22554049,2378874,2228,7,1
27705920,2921776,48679,9,0
3002210,316939,48205,1,1
29794686,3142483,24009,18,0
14891312,1571230,49386,16,0
29401191,3100825,28204,2,1
22187542,2340311,41065,17,0
6584752,695066,4605,9,1
506570,53570,48171,21,1
9173249,968271,47141,6,1
21849809,2304613,274,7,0
16785979,1770575,10248,11,1
24134312,2545380,4210,5,1
25229359,2660937,42701,8,1
8383450,884977,41276,6,1
25575483,2697256,44801,5,0
3970092,418937,7781,9,0
5755458,607566,10749,5,0
20846141,2199032,34619,9,1
874921,92609,30391,10,1
11926085,1258974,23881,10,1
29872291,3150724,18761,3,0
18306422,1930971,28824,12,0
2903084,306536,46979,1,0
22845022,2409647,32842,9,1
25398843,2678778,1364,17,1
18498990,1951334,28199,23,0
8791930,928086,47475,16,0
28195004,2973292,21137,15,1
26690555,2814508,42244,2,1
26657605,2811003,14084,3,1
16570294,1747931,23594,5,1
4152526,438163,24759,10,0
2814375,297057,28387,5,0
16279846,1717602,39877,10,0
22733525,2397793,44142,3,0
2408617,254119,27761,8,1
10817298,1142011,5646,13,0
10848974,1145371,28204,4,1
16311862,1720936,40278,8,1
22438342,2366793,6550,5,0
18508863,1952404,12451,10,1
23149442,2441553,35951,3,0
11229215,1185570,23150,11,0
23153733,2442011,35163,5,1
5617169,592942,41787,12,1
24366334,2569727,20073,32,1
15284191,1612777,10246,10,0
22883339,2413633,24852,3,0
22570924,2380697,27845,9,0
21169839,2232893,24852,1,0
31893494,3363945,43789,4,1
7686915,811397,37524,6,0
22154601,2336725,43263,3,1
16610174,1752130,3880,12,1
30287563,3194913,24852,1,1
13002254,1372427,18439,7,1
23132255,2439690,36865,10,1
7469593,788492,45886,33,0
4764140,502830,15902,2,1
31681370,3341519,27845,10,1
74666,7942,13176,8,0
20670766,2180642,31502,1,0
10635847,1122808,46667,7,1
5025994,530563,8859,1,0
11556304,1219993,46724,4,1
28595042,3015721,9648,15,0
235729,24860,39275,3,0
21944156,2314572,11909,13,1
1240975,130929,25588,3,1
5821846,614546,8324,24,0
10794813,1139615,19660,3,1
971733,102742,26604,1,1
31940684,3368981,39936,2,0
20877520,2202339,24024,15,1
17900108,1888053,44142,6,1
28583401,3014481,2536,10,0
18745283,1977131,32734,10,1
12738456,1344463,11136,15,0
464951,49191,1393,4,1
10050369,1061214,2450,3,0
14440599,1523756,29346,3,1
14337282,1512973,40268,2,1
12459959,1315117,26324,10,1
5815943,613906,199,16,0
1227681,129542,21267,1,1
1357748,143182,39040,18,0
21318519,2248651,39280,1,0
3417713,361038,36724,21,0
26930662,2839701,28156,6,0
15319952,1616548,16415,4,1
28661548,3022740,11576,1,1
15707775,1657285,22620,7,0
14056388,1483480,3628,11,0
25817570,2722681,31486,9,0
22501534,2373301,4656,9,1
31633598,3336470,39561,20,1
15387092,1623653,8193,9,0
1959058,206608,913,11,0
31885462,3363100,26475,4,1
29859032,3149300,48745,13,1
3656331,386199,38739,5,1
22096261,2330611,16953,47,0
12415739,1310482,17948,11,1
13666264,1442410,7179,8,1
18163174,1915860,14678,4,1
9739811,1028252,49241,11,0
28856873,3043420,13076,11,1
8777831,926553,42992,10,1
22948707,2420453,1063,10,0
30287593,3194915,14084,2,1
9375574,989674,566,1,1
31683024,3341694,31766,4,1
17756182,1872671,41950,9,1
10709252,1130530,23407,2,1
25417961,2680747,20794,3,1
30845488,3253658,37141,3,1
29623946,3124284,31632,9,0
10585014,1117439,21137,9,1
14495596,1529519,7781,1,1
563983,59651,39040,9,1
1111859,117329,20496,5,0
5369949,566744,40893,4,1
20564002,2169230,24852,7,1
23348955,2462610,44616,7,1
17539615,1849977,33043,24,1
30411589,3207971,6287,16,1
5536955,584456,42240,18,1
15756058,1662457,25718,1,1
3304204,348996,28993,22,0
31270753,3298176,7794,13,1
12763255,1347149,24799,8,1
21823971,2301918,18956,1,0
18678758,1970316,37718,2,1
14496650,1529634,46222,4,0
5388827,568704,32403,16,1
1004567,106091,43789,10,1
27158155,2863623,17794,15,0
493823,52211,34117,3,0
9371510,989229,8012,7,0
3860075,407462,28465,6,1
31868634,3361280,6244,7,0
478484,50572,8424,12,1
26817996,2827971,48455,15,0
23386593,2466538,48957,1,1
12794414,1350419,23288,9,1
26097802,2752233,8048,2,1
23082188,2434443,35221,1,1
804599,85147,27156,47,1
21822076,2301725,31130,8,0
17556981,1851811,14257,14,0
17114082,1805312,19468,24,0
11335556,1196656,13176,1,1
5134868,542056,45151,17,0
10025008,1058491,46984,9,1
24612712,2595775,36664,1,0
25687232,2709056,37646,5,1
6337116,668898,4482,12,0
27437397,2893188,32478,2,1
9589916,1012266,48679,7,0
22582560,2381925,19873,25,0
18802926,1983168,5112,4,0
16115431,1700270,46226,45,1
23541501,2482780,27845,11,1
3525925,372496,24852,1,1
12595129,1329282,11610,17,0
6784905,716140,47209,5,1
24197923,2552056,27966,4,0
7828869,826442,7354,7,0
31312969,3302740,15650,14,0
29707342,3133170,2091,23,1
14246419,1503413,35628,5,1
22625959,2386443,45699,6,0
248649,26195,2228,3,0
4356924,459858,43122,2,0
4286476,452355,26209,12,1
20981577,2213226,48679,2,0
17366042,1831800,13166,6,1
31036229,3273734,4421,11,1
22758263,2400474,28918,3,1
20993134,2214447,32285,9,0
25548554,2694476,46906,18,1
27930156,2945242,37710,7,1
3378651,356887,21938,7,0
8277236,873743,37066,22,0
18225193,1922478,18531,6,0
7317092,772409,14334,2,0
3010118,317747,11408,8,1
6493270,685336,43182,9,0
14727752,1554028,13005,14,1
25282241,2666459,17758,2,1
4638871,489542,4605,1,1
7136159,753483,22120,3,1
9076521,958201,45815,15,1
26707500,2816317,45504,15,1
6771737,714778,13380,6,1
10233349,1080416,26209,7,0
20476420,2159973,41494,6,1
16052707,1693651,26706,5,1
6872162,725438,41803,1,1
2560081,270010,10724,3,1
1650536,174014,13176,1,1
13730604,1449275,35535,2,0
3591695,379461,15790,9,0
14161037,1494432,31425,1,1
29889251,3152526,49235,1,1
10779255,1137924,47601,4,0
14027455,1480458,311,8,1
26786948,2824733,49327,6,1
31532911,3325758,20955,8,1
4581583,483616,47626,4,0
20327390,2144012,28,2,1
6399242,675358,19508,12,1
2378607,250955,14579,8,1
3844282,405841,38768,3,1
7003956,739481,21497,11,1
18510205,1952569,38768,1,1
22620389,2385855,46969,13,1
30070886,3171947,44570,3,1
17787348,1875961,37053,6,0
30388822,3205600,19128,57,0
19824127,2090892,1511,1,0
25910952,2732462,40199,11,1
31465831,3318775,18813,15,0
12245361,1292474,43262,37,1
14981674,1580839,27695,2,0
20612976,2174520,13249,1,1
26803798,2826515,18362,1,1
23999924,2531167,38902,9,0
25406852,2679575,21931,3,1
9626768,1016244,4,15,0
3569794,377157,23229,14,0
22672198,2391353,21267,4,0
24178994,2550118,11827,8,0
5148601,543501,39958,1,1
32007133,3376060,26800,7,1
1524004,160668,30776,5,1
10801779,1140393,7808,23,1
26644137,2809623,12797,3,0
12074948,1274610,10132,9,1
23836504,2513915,3599,5,0
23870726,2517536,9409,1,1
4674398,493286,5240,9,1
14614563,1542068,9225,3,1
23614797,2490577,19057,3,1
27070602,2854375,42518,9,1
16102826,1698941,25340,7,0
18373716,1938034,39578,6,1
736537,77919,23919,5,1
27441795,2893633,25890,4,0
8336441,879984,9076,5,1
11325750,1195645,18727,10,1
15700793,1656557,2616,21,0
11587757,1223299,24852,3,1
26595032,2804354,41406,6,0
27226714,2870958,37067,1,1
3201599,338098,38159,2,0
16710541,1762547,45032,27,0
18307932,1931136,33351,13,1
21287064,2245374,32935,4,0
15326167,1617213,24964,22,1
30338135,3200260,41116,3,1
27356040,2884623,25050,17,1
30840608,3253111,27086,3,1
21232356,2239603,43858,1,1
5076098,535861,48745,7,1
13976472,1474980,16154,24,1
31463854,3318573,21872,6,1
16278245,1717412,23644,15,1
6674563,704435,23953,13,0
2783725,293768,33000,17,1
12690121,1339331,35376,7,1
30842889,3253362,11123,15,1
12630027,1332998,41787,2,1
17601958,1856541,287,13,0
29894021,3153040,21543,5,1
3627523,383172,46676,17,0
26133790,2756012,6442,4,1
17759780,1873051,48667,27,1
30405135,3207302,26209,19,0
28567060,3012777,26172,11,1
21483753,2266053,4793,3,1
876423,92753,43789,4,0
8054606,850231,42606,9,0
28364817,2991316,31720,3,1
28472617,3002796,9639,13,0
10945939,1155641,36735,8,0
18684016,1970874,4920,8,1
25410895,2680025,41973,5,0
16023085,1690533,13351,6,1
17021362,1795388,44632,2,1
27487918,2898623,47144,4,1
22878563,2413119,14867,6,1
7616150,803987,23622,3,1
15243392,1608468,49235,2,1
25658036,2705991,15269,14,0
22648205,2388837,31557,6,1
20612229,2174446,46650,6,0
5782702,610408,38428,2,1
20310219,2142207,14461,39,1
16815169,1773725,38383,1,1
3884667,409988,48527,8,0
13151876,1388171,12409,7,1
19576984,2064784,8021,2,0
26775732,2823513,34358,8,0
2345465,247421,1994,25,0
1900079,200326,30489,5,0
15342265,1618912,1148,4,0
11683985,1233434,40063,12,0
776930,82186,12907,5,1
8920343,941741,36994,12,0
21740478,2293165,9547,10,1
7145814,754530,11422,2,0
13289154,1402493,37718,4,1
25836514,2724735,42768,11,0
25786838,2719521,14084,5,1
10172804,1074010,38164,31,0
29672532,3129437,7747,2,1
9950527,1050698,26209,1,0
16142226,1703163,9076,7,1
25380551,2676845,49128,24,0
21531445,2271109,37911,11,1
7350227,775888,3586,1,0
3077734,324877,23044,6,1
22887046,2413998,30233,6,1
14485999,1528517,44048,8,0
3562128,376320,26346,9,1
9763937,1030937,47934,3,1
30194429,3185000,9521,8,1
9018852,952140,24964,17,0
16636933,1754889,2825,8,1
18233956,1923447,16355,18,1
9359228,987933,15290,9,1
23338308,2461533,48637,1,0
31391033,3310898,14161,9,0
27787416,2930326,3896,6,1
21773538,2296647,42342,2,1
7531986,795058,26629,16,0
14892897,1571405,36695,8,1
3766445,397795,38689,4,1
25884115,2729721,48109,8,0
21622302,2280794,47766,9,0
9684037,1022368,33144,14,1
21762075,2295437,30745,3,1
6213411,655831,18327,21,0
8328676,879166,47379,10,0
21870711,2306870,39485,10,1
16141517,1703082,30599,4,0
30299856,3196160,47252,5,0
12087815,1275992,2350,15,0
27506258,2900529,10849,7,1
22034098,2323983,45674,1,1
27344588,2883434,47766,16,1
17689153,1865614,21288,3,1
11900859,1256420,23322,16,1
14877071,1569725,27796,8,0
31232489,3294202,2295,11,1
21550197,2273070,25640,19,0
30306124,3196809,28286,4,1
1573649,165820,33716,3,1
3102553,327561,44267,2,0
16513658,1742024,23748,18,0
23559040,2484704,17207,7,1
21609862,2279515,7781,9,1
3255180,343749,16479,5,1
19576873,2064778,6716,9,0
25792863,2720127,24852,1,1
6487174,684612,43789,1,1
7090181,748570,33198,5,1
6374421,672813,24397,9,0
31246066,3295613,7877,9,1
10258674,1083056,30021,3,0
12359071,1304566,14947,1,1
10735890,1133316,5959,20,1
15676034,1653976,26217,12,0
25641764,2704225,46667,17,0
7685378,811235,3835,11,1
18881036,1991457,16953,1,1
21261325,2242668,9038,7,0
26361667,2779977,30776,3,1
31650680,3338230,38928,1,1
26323415,2776062,5735,4,0
21155411,2231358,42987,4,1
23258319,2453059,22935,6,0
10935533,1154518,14129,5,0
23146970,2441281,47946,28,0
16615299,1752667,45633,10,1
28673361,3023992,31342,2,1
32100586,3385975,27104,12,1
29841663,3147471,47141,1,1
3039815,320870,22474,6,0
13525508,1427561,24561,11,1
32077808,3383585,22963,28,1
15587529,1644637,25513,9,1
25576626,2697370,49054,13,0
22595061,2383221,44765,11,1
29882177,3151760,1202,6,0
5127331,541242,34466,12,1
20997219,2214858,26096,8,0
11528855,1217083,16996,3,1
21417773,2259137,26369,14,1
1536516,161939,2855,13,1
16547780,1745560,8251,10,1
23325358,2460143,47734,2,0
1778872,187583,31717,3,1
9085375,959147,13524,7,1
1860436,196187,43352,1,1
26932598,2839892,30353,33,1
20156829,2126032,287,6,1
6056960,639386,47672,9,1
15462604,1631601,15872,5,0
30657916,3233718,2609,4,0
8698047,918197,18889,4,0
5476760,578048,33662,6,0
6668268,703778,5578,9,0
17099999,1803828,13176,1,1
5640724,595433,38777,10,1
19759165,2084017,47325,14,0
22564572,2379976,3856,7,1
666163,70442,32052,15,1
18982711,2002060,37524,5,0
21753400,2294515,38689,6,1
19302331,2035847,27695,9,1
13939270,1471053,23909,17,1
7386681,779757,30489,18,1
2923577,308701,44234,3,0
29256034,3085467,48733,17,1
24021403,2533417,25706,2,0
8075773,852474,27683,8,1
5000138,527783,41259,5,1
15208909,1604860,30391,11,0
22386338,2361357,3819,2,1
21835586,2303118,31487,18,1
21373595,2254467,37691,5,1
1455473,153466,4920,7,0
28311460,2985699,31504,5,0
12456740,1314785,7806,21,1
17190100,1813438,41674,8,0
20311965,2142394,21903,3,1
4823014,509062,890,7,1
30729924,3241374,29172,19,0
12659258,1336098,13380,3,1
30115204,3176582,28255,4,0
24375215,2570689,47626,15,0
9673338,1021244,35221,2,0
27699063,2921067,20760,32,0
15161686,1599792,41065,10,1
3235596,341685,20641,3,1
4353051,459468,9550,1,1
29936827,3157646,13249,5,1
20764630,2190405,21376,3,1
29500764,3111350,46666,12,0
26317710,2775471,42460,14,0
5070183,535235,47766,7,0
8993868,949498,18849,5,1
27321707,2881068,28024,8,0
24222763,2554626,8467,1,1
22222803,2343994,3025,18,0
29961720,3160308,10132,3,1
1616726,170414,31506,1,0
29686943,3131002,42240,5,0
24764702,2611760,35752,2,0
21950107,2315201,45066,6,1
24296715,2562422,39408,2,0
20637397,2177095,25745,29,1
5251520,554209,48806,7,0
16361354,1726078,13176,5,1
17917529,1889858,23537,5,0
14749911,1556375,8056,15,0
30257631,3191751,23288,2,1
20709693,2184679,21137,6,1
10053663,1061570,2716,27,1
9965210,1052218,41959,7,0
14887205,1570785,18090,17,1
19915492,2100534,43192,27,0
16385086,1728527,19697,10,1
11284472,1191285,18761,29,0
19167695,2021674,21137,13,1
21229894,2239354,7877,13,1
31000795,3270018,27663,6,1
19613933,2068633,40571,23,0
9888147,1044112,24707,19,0
10355756,1093289,31263,26,1
27675420,2918574,39950,19,1
6300560,665030,15984,9,1
13146977,1387674,44471,24,1
23411026,2469076,42154,6,1
21074394,2222910,10749,7,0
360106,37991,47209,11,1
15640442,1650166,1197,10,0
29533868,3114731,37594,22,1
9703526,1024467,47626,13,1
7448033,786217,21938,3,1
31663946,3339592,46979,2,0
12273244,1295463,24933,20,1
2718294,286828,40777,1,0
24519169,2585923,26209,9,0
12392585,1308075,37646,3,1
14024697,1480153,46616,2,0
19090460,2013469,12023,3,1
22480408,2371139,9076,7,1
17036659,1796999,22210,17,1
20867826,2201318,26505,18,1
1244038,131243,37643,4,0
10025403,1058527,141,13,1
23923082,2523020,44514,10,1
13345312,1408427,13851,5,0
30613593,3229002,37947,4,1
13633136,1438897,33575,4,1
30564405,3223867,21927,7,0
11764113,1242033,21709,4,0
17476866,1843466,18880,1,0
19004494,2004364,13457,4,1
11130166,1174965,46802,7,1
8385204,885160,27156,5,1
17756785,1872739,2091,4,1
5170483,545721,10957,12,0
3618103,382194,23543,9,0
23470379,2475310,29244,11,1
22534904,2376842,34706,12,0
16961092,1789058,3019,6,0
12517760,1321226,22035,8,1
12798975,1350875,21513,12,0
1976709,208487,42611,5,0
1628341,171659,43565,5,1
29231780,3082903,34969,4,0
24870106,2622974,41400,3,1
239717,25279,40268,1,1
25608736,2700686,12212,4,1
6176885,651934,17243,1,0
8743067,922929,30489,6,1
11469918,1210890,27104,37,0
7219424,762279,32700,1,0
3558460,375933,5973,3,0
4874892,514511,22025,16,1
25556779,2695332,34050,2,1
8881120,937569,43867,22,1
20490736,2161465,44883,14,0
29818563,3145009,432,1,1
13156999,1388703,31238,13,1
20322359,2143481,40490,6,0
1644098,173322,12614,10,1
23625914,2491803,34969,4,1
3205704,338517,47900,8,1
16815793,1773785,31228,8,0
2936890,310074,11215,4,1
8168765,862253,31683,15,1
1451394,153030,43821,25,0
24921247,2628400,11301,5,0
1956040,206307,49235,1,1
12413226,1310224,11109,6,1
18061976,1905147,24852,1,1
22925587,2418033,1999,17,0
21777300,2297020,42265,18,0
5287820,558130,21938,4,1
19917553,2100758,23099,6,0
31096485,3280007,30391,20,0
29280802,3088030,44142,11,1
31987767,3374003,29003,8,0
13074430,1380047,20549,1,0
27139632,2861667,24372,32,1
18127748,1912123,37646,17,1
19494997,2056194,31717,3,1
27149183,2862696,40332,15,0
32263609,3403036,22825,22,0
1381296,145708,1640,19,1
28174145,2971108,19677,12,1
18265626,1926765,39812,1,1
20804189,2194596,38689,10,1
1420127,149707,36086,11,0
5010359,528894,4605,20,1
25115458,2648989,11182,14,0
26613458,2806357,21999,4,1
20494780,2161876,39113,13,1
3204799,338421,24759,16,0
4265518,450133,19478,19,1
8186500,864124,12409,1,1
7314182,772114,22422,20,0
22798509,2404737,10292,7,0
15602212,1646166,25647,7,0
12974865,1369561,42701,4,1
9477753,1000462,48907,3,0
8623069,910342,17200,4,0
22284297,2350504,19125,3,1
15232454,1607316,40199,3,1
17802873,1877655,5839,7,0
4936455,520984,47993,10,1
11195100,1181939,28398,2,0
11108138,1172654,45200,2,1
9340391,985889,43789,1,1
29212407,3080887,24852,5,1
30074490,3172318,9510,1,1
27456311,2895173,27904,7,0
11855321,1251660,15462,11,1
12032662,1270173,27845,5,1
539202,57036,24852,11,0
32091112,3384945,1244,12,1
4489853,473924,25422,4,1
22502783,2373433,47209,3,1
18240985,1924183,37687,2,1
27813714,2933085,41155,28,0
13967349,1473999,21137,3,1
30861674,3255357,35613,11,1
20896364,2204320,49131,4,1
30087371,3173683,17317,9,1
27846175,2936484,12157,4,0
4507028,475796,14386,20,1
21154183,2231237,44359,15,1
18888997,1992249,45368,1,0
4070357,429516,23576,8,1
4542594,479510,20114,16,1
22469070,2369975,24852,2,0
7200333,760300,30450,2,1
31453004,3317421,9213,1,1
25457222,2684901,26911,45,1
23936987,2524572,8654,4,0
18166520,1916216,10768,4,1
30745318,3243035,36485,20,0
1957925,206480,36256,21,0
11050272,1166549,24654,17,0
1691903,178335,38184,15,1
21505501,2268366,48697,1,0
7912520,835274,39275,5,0
13450866,1419625,13951,12,1
6962203,735127,4920,9,1
13273989,1400848,14347,2,1
6130773,647115,15579,5,0
14271159,1506041,8571,2,1
17504859,1846398,22935,5,1
4569507,482328,21709,3,1
457866,48455,30391,42,0
6756751,713222,27966,5,1
31437722,3315838,48537,46,0
25601926,2699997,26842,18,1
28804172,3037786,45007,13,1
10588989,1117872,2470,10,0
18385757,1939332,13870,7,1
1841984,194278,8309,21,1
24677540,2602583,7054,4,1
2081548,219496,30486,2,1
28705702,3027356,10339,14,0
32056397,3381272,48440,1,1
26871979,2833553,26369,4,1
25609613,2700785,19057,3,1
5574873,588420,13988,7,1
18413095,1942238,21372,4,1
2179895,229909,8478,3,1
12288248,1297050,24852,4,0
9225526,973719,3081,4,1
26340071,2777766,35939,7,1
9753691,1029805,38383,16,1
10030693,1059101,1969,1,1
13184185,1391508,31759,5,0
29602635,3122034,29987,7,1
9004987,950650,28171,2,1
23404907,2468432,48679,23,1
23303878,2457910,31717,6,1
31962735,3371328,14779,11,0
24570854,2591453,40586,15,0
17404380,1835896,27750,30,1
29503715,3111655,17884,7,1
14504916,1530498,35628,6,0
7304226,771138,13645,9,1
14395345,1518999,24654,20,0
27801181,2931751,9018,6,1
29235831,3083334,23407,6,1
10694256,1128931,27423,8,0
78130,8319,4932,5,1
32135539,3389681,2228,1,1
4266653,450243,3512,7,0
30625207,3230236,36581,6,0
5615779,592776,48235,7,1
20697801,2183453,1710,2,0
26043114,2746404,16797,15,1
